,id,n_victimas,fecha,mm,hora,hh,tipo_de_calle,comuna,longitud,latitud,participantes,victima,acusado,a√±o
0,2016-0001,1,2016-01-01,1,4:00:00,4,AVENIDA,8,-58.47533969,-34.68757022,MOTO-AUTO,MOTO,AUTO,2016
1,2016-0002,1,2016-01-02,1,1:15:00,1,GRAL PAZ,9,-58.50877521,-34.66977709,AUTO-PASAJEROS,AUTO,PASAJEROS,2016
2,2016-0003,1,2016-01-03,1,7:00:00,7,AVENIDA,1,-58.39040293,-34.63189362,MOTO-AUTO,MOTO,AUTO,2016
3,2016-0004,1,2016-01-10,1,0:00:00,0,AVENIDA,8,-58.46503904,-34.68092974,MOTO-SD,MOTO,SD,2016
4,2016-0005,1,2016-01-21,1,5:20:00,5,AVENIDA,1,-58.38718297,-34.62246630,MOTO-PASAJEROS,MOTO,PASAJEROS,2016
5,2016-0008,1,2016-01-24,1,18:30:00,18,AVENIDA,8,-58.44451316,-34.68475866,MOTO-OBJETO FIJO,MOTO,OBJETO FIJO,2016
6,2016-0009,1,2016-01-24,1,19:10:00,19,CALLE,11,-58.50095869,-34.60825440,MOTO-AUTO,MOTO,AUTO,2016
7,2016-0010,1,2016-01-29,1,15:20:00,15,GRAL PAZ,9,-58.50877521,-34.66977709,MOTO-AUTO,MOTO,AUTO,2016
8,2016-0012,1,2016-02-08,2,1:20:00,1,AVENIDA,1,-58.38048577,-34.61303893,MOTO-CARGAS,MOTO,CARGAS,2016
9,2016-0013,1,2016-02-10,2,11:30:00,11,AVENIDA,1,-58.39114932,-34.62477387,PEATON-AUTO,PEATON,AUTO,2016
10,2016-0015,1,2016-02-14,2,5:14:00,5,AVENIDA,15,-58.43760020,-34.59912758,PEATON-AUTO,PEATON,AUTO,2016
11,2016-0016,1,2016-02-14,2,22:00:00,22,AVENIDA,4,-58.36882665,-34.64291993,MOTO-AUTO,MOTO,AUTO,2016
12,2016-0017,1,2016-02-15,2,16:54:00,16,AVENIDA,8,-58.44989671,-34.65970435,PEATON-MOTO,PEATON,MOTO,2016
13,2016-0019,1,2016-02-17,2,9:30:00,9,CALLE,9,-58.50990884,-34.65468721,PEATON-PASAJEROS,PEATON,PASAJEROS,2016
14,2016-0020,1,2016-02-17,2,16:00:00,16,CALLE,1,-58.37952223,-34.60653282,PEATON-AUTO,PEATON,AUTO,2016
15,2016-0021,1,2016-02-17,2,23:35:00,23,AVENIDA,7,-58.45157703,-34.63063795,AUTO-AUTO,AUTO,AUTO,2016
16,2016-0022,1,2016-02-21,2,6:00:00,6,AVENIDA,1,-58.38144696,-34.61079875,MOTO-AUTO,MOTO,AUTO,2016
17,2016-0025,1,2016-02-28,2,4:50:00,4,GRAL PAZ,8,-58.46244952,-34.70524971,AUTO-AUTO,AUTO,AUTO,2016
18,2016-0026,1,2016-02-28,2,7:30:00,7,CALLE,12,-58.49216191,-34.54738649,AUTO-OBJETO FIJO,AUTO,OBJETO FIJO,2016
19,2016-0027,1,2016-02-28,2,9:35:00,9,AVENIDA,7,-58.44497874,-34.63852623,AUTO-AUTO,AUTO,AUTO,2016
20,2016-0028,1,2016-03-02,3,10:00:00,10,AVENIDA,1,-58.38199706,-34.60028648,PEATON-CARGAS,PEATON,CARGAS,2016
21,2016-0029,1,2016-03-04,3,17:30:00,17,AVENIDA,12,-58.47378664,-34.54153077,PEATON-PASAJEROS,PEATON,PASAJEROS,2016
22,2016-0031,1,2016-03-08,3,12:30:00,12,GRAL PAZ,8,-58.47064556,-34.69843756,MOTO-PASAJEROS,MOTO,PASAJEROS,2016
23,2016-0034,1,2016-03-12,3,12:30:00,12,AVENIDA,4,-58.40623949,-34.65076549,PEATON-PASAJEROS,PEATON,PASAJEROS,2016
24,2016-0035,1,2016-03-13,3,6:00:00,6,AVENIDA,3,-58.39228965,-34.60443527,MOTO-PASAJEROS,MOTO,PASAJEROS,2016
25,2016-0036,1,2016-03-14,3,0:15:00,0,CALLE,4,-58.37813396,-34.63668504,MOTO-PASAJEROS,MOTO,PASAJEROS,2016
26,2016-0037,1,2016-03-19,3,11:00:00,11,AVENIDA,7,-58.46275892,-34.64358293,MOTO-MOTO,MOTO,MOTO,2016
27,2016-0038,1,2016-03-21,3,8:06:00,8,GRAL PAZ,8,-58.49683458,-34.67892743,PEATON-PASAJEROS,PEATON,PASAJEROS,2016
28,2016-0039,1,2016-03-23,3,1:50:00,1,AVENIDA,3,-58.40603217,-34.60883960,MOTO-PASAJEROS,MOTO,PASAJEROS,2016
29,2016-0041,2,2016-03-29,3,11:00:00,11,AVENIDA,7,-58.46076550,-34.63350444,MOTO-CARGAS,MOTO,CARGAS,2016
30,2016-0043,1,2016-03-30,3,18:15:00,18,AVENIDA,8,-58.47832463,-34.67494416,PEATON-CARGAS,PEATON,CARGAS,2016
31,2016-0044,1,2016-03-31,3,19:40:00,19,AVENIDA,7,-58.43213235,-34.63693953,MULTIPLE,MOTO,MULTIPLE,2016
32,2016-0045,1,2016-04-11,4,10:25:00,10,GRAL PAZ,13,-58.46743471,-34.53476874,MOTO-SD,MOTO,SD,2016
33,2016-0047,1,2016-04-15,4,5:30:00,5,CALLE,1,-58.38247061,-34.62571878,PEATON-PASAJEROS,PEATON,PASAJEROS,2016
34,2016-0048,1,2016-04-15,4,17:40:00,17,AVENIDA,15,-58.44759966,-34.59170240,PEATON-PASAJEROS,PEATON,PASAJEROS,2016
35,2016-0049,1,2016-04-17,4,0:00:00,0,AUTOPISTA,4,-58.37714647568196,-34.63657525428238,SD-SD,SD,SD,2016
36,2016-0050,1,2016-04-19,4,9:50:00,9,AVENIDA,8,-58.47305463,-34.68550712,PEATON-PASAJEROS,PEATON,PASAJEROS,2016
37,2016-0051,1,2016-04-20,4,4:00:00,4,AVENIDA,4,-58.40623949,-34.65076549,MOTO-CARGAS,MOTO,CARGAS,2016
38,2016-0052,1,2016-04-20,4,20:00:00,20,AUTOPISTA,13,.,.,MOTO-SD,MOTO,SD,2016
39,2016-0053,1,2016-04-22,4,9:30:00,9,AVENIDA,12,-58.48429180,-34.57558053,PEATON-PASAJEROS,PEATON,PASAJEROS,2016
40,2016-0054,1,2016-04-23,4,21:00:00,21,AUTOPISTA,8,-58.48695354,-34.68795245,MOTO-MOTO,MOTO,MOTO,2016
41,2016-0055,1,2016-04-25,4,20:30:00,20,AVENIDA,14,-58.40021959,-34.57964781,PEATON-CARGAS,PEATON,CARGAS,2016
42,2016-0056,1,2016-04-26,4,4:45:00,4,AVENIDA,14,-58.42957885,-34.57660058,MOTO-OBJETO FIJO,MOTO,OBJETO FIJO,2016
43,2016-0058,1,2016-05-04,5,14:00:00,14,CALLE,1,-58.38247542,-34.62556293,PEATON-MOTO,PEATON,MOTO,2016
44,2016-0059,1,2016-05-08,5,16:30:00,16,CALLE,1,-58.38222219,-34.62728101,PEATON-PASAJEROS,PEATON,PASAJEROS,2016
45,2016-0064,1,2016-05-14,5,18:11:00,18,AVENIDA,10,-58.49485242,-34.62953445,PEATON-PASAJEROS,PEATON,PASAJEROS,2016
46,2016-0065,1,2016-05-20,5,14:40:00,14,AVENIDA,6,-58.45227946,-34.61068024,PEATON-AUTO,PEATON,AUTO,2016
47,2016-0067,1,2016-05-21,5,17:00:00,17,AVENIDA,8,-58.48455411,-34.67512760,MOTO-PASAJEROS,MOTO,PASAJEROS,2016
48,2016-0068,1,2016-05-22,5,22:00:00,22,AVENIDA,2,-58.39056593,-34.58418569,MOTO-PASAJEROS,MOTO,PASAJEROS,2016
49,2016-0069,1,2016-05-23,5,3:30:00,3,AVENIDA,3,-58.39118948,-34.62704273,AUTO-CARGAS,AUTO,CARGAS,2016
50,2016-0073,1,2016-06-11,6,15:00:00,15,CALLE,10,-58.49021952,-34.62025108,MOTO-CARGAS,MOTO,CARGAS,2016
51,2016-0074,1,2016-06-12,6,6:40:00,6,GRAL PAZ,8,-58.49896559,-34.67732118,AUTO-AUTO,AUTO,AUTO,2016
52,2016-0075,1,2016-06-12,6,23:13:00,23,AUTOPISTA,8,-58.47461076,-34.66874679,PEATON-AUTO,PEATON,AUTO,2016
53,2016-0076,1,2016-06-13,6,16:20:00,16,AVENIDA,15,-58.46210891,-34.60356211,PEATON-PASAJEROS,PEATON,PASAJEROS,2016
54,2016-0077,1,2016-06-13,6,21:52:00,21,AVENIDA,1,-58.37027770,-34.60536123,PEATON-PASAJEROS,PEATON,PASAJEROS,2016
55,2016-0078,1,2016-06-13,6,23:01:00,23,AVENIDA,3,-58.40491455,-34.61463830,MOTO-MOTO,MOTO,MOTO,2016
56,2016-0079,1,2016-06-16,6,17:13:00,17,AVENIDA,13,-58.45504154,-34.54864492,AUTO-AUTO,AUTO,AUTO,2016
57,2016-0080,1,2016-06-18,6,6:42:00,6,GRAL PAZ,9,-58.52927982,-34.63931752,AUTO-SD,AUTO,SD,2016
58,2016-0081,1,2016-06-22,6,7:42:00,7,AVENIDA,12,-58.48721060,-34.55904606,MOTO-AUTO,MOTO,AUTO,2016
59,2016-0082,1,2016-06-27,6,18:24:00,18,AVENIDA,4,-58.42273092,-34.64228803,PEATON-AUTO,PEATON,AUTO,2016
60,2016-0083,1,2016-06-28,6,20:46:00,20,AVENIDA,6,-58.44788671,-34.62539009,PEATON-MOTO,PEATON,MOTO,2016
61,2016-0084,1,2016-06-29,6,22:00:00,22,CALLE,1,-58.38110563,-34.60135531,PEATON-PASAJEROS,PEATON,PASAJEROS,2016
62,2016-0085,1,2016-06-29,6,22:00:00,22,AVENIDA,4,-58.42378834,-34.65734100,MOTO-MOVIL,MOTO,OTRO,2016
63,2016-0086,1,2016-06-30,6,16:10:00,16,AVENIDA,10,-58.48727942,-34.63652467,PEATON-PASAJEROS,PEATON,PASAJEROS,2016
64,2016-0087,1,2016-07-02,7,0:10:00,0,AUTOPISTA,1,-58.37864583,-34.62907067,MOTO-OBJETO FIJO,MOTO,OBJETO FIJO,2016
65,2016-0088,1,2016-07-11,7,15:30:00,15,CALLE,12,-58.50151750,-34.56767549,PEATON-AUTO,PEATON,AUTO,2016
66,2016-0089,1,2016-07-14,7,6:40:00,6,AUTOPISTA,13,-58.43233425,-34.55185825,PEATON-AUTO,PEATON,AUTO,2016
67,2016-0090,1,2016-07-14,7,22:00:00,22,AVENIDA,5,-58.41971993,-34.61112240,PEATON-PASAJEROS,PEATON,PASAJEROS,2016
68,2016-0092,1,2016-07-15,7,11:00:00,11,GRAL PAZ,13,-58.46743471,-34.53476874,MOTO-CARGAS,MOTO,CARGAS,2016
69,2016-0093,1,2016-07-17,7,3:30:00,3,AVENIDA,6,-58.44362126,-34.62301748,AUTO-AUTO,AUTO,AUTO,2016
70,2016-0095,1,2016-07-23,7,6:12:00,6,AVENIDA,11,-58.51713095,-34.59546519,MOTO-AUTO,MOTO,AUTO,2016
71,2016-0096,1,2016-07-25,7,7:00:00,7,AUTOPISTA,8,-58.47433193007387,-34.66684950051973,MOTO-CARGAS,MOTO,CARGAS,2016
72,2016-0097,1,2016-07-26,7,18:45:00,18,CALLE,1,-58.39038605,-34.61562810,PEATON-AUTO,PEATON,AUTO,2016
73,2016-0098,1,2016-07-27,7,16:08:00,16,AVENIDA,3,-58.40042405,-34.62356174,MOTO-CARGAS,MOTO,CARGAS,2016
74,2016-0099,1,2016-07-29,7,16:00:00,16,GRAL PAZ,11,-58.52340614,-34.59798754,CARGAS-CARGAS,CARGAS,CARGAS,2016
75,2016-0100,1,2016-08-03,8,23:27:00,23,GRAL PAZ,12,-58.49491054,-34.54795581,MOTO-OBJETO FIJO,MOTO,OBJETO FIJO,2016
76,2016-0101,1,2016-08-07,8,19:42:00,19,GRAL PAZ,9,-58.52932872,-34.65014993,SD-SD,SD,SD,2016
77,2016-0102,1,2016-08-10,8,23:37:00,23,AVENIDA,9,-58.50011639,-34.67316502,MOTO-CARGAS,MOTO,CARGAS,2016
78,2016-0104,1,2016-08-14,8,21:15:00,21,AVENIDA,9,-58.46635001,-34.65624369,MOTO-PASAJEROS,MOTO,PASAJEROS,2016
79,2016-0105,1,2016-08-17,8,0:05:00,0,AVENIDA,15,-58.45343236,-34.58435809,PEATON-PASAJEROS,PEATON,PASAJEROS,2016
80,2016-0106,1,2016-08-19,8,21:02:00,21,AVENIDA,1,-58.38090932,-34.58927731,PEATON-PASAJEROS,PEATON,PASAJEROS,2016
81,2016-0107,1,2016-08-20,8,8:22:00,8,AUTOPISTA,4,-58.37157668,-34.65429986,MOTO-AUTO,MOTO,AUTO,2016
82,2016-0109,1,2016-08-24,8,5:45:00,5,AUTOPISTA,9,-58.52280139,-34.63659934,AUTO-OBJETO FIJO,AUTO,OBJETO FIJO,2016
83,2016-0110,1,2016-08-24,8,20:21:00,20,AVENIDA,9,-58.51232237,-34.65903530,PEATON-SD,PEATON,SD,2016
84,2016-0111,1,2016-08-25,8,9:30:00,9,AUTOPISTA,15,-58.47461905,-34.57663634,MOTO-CARGAS,MOTO,CARGAS,2016
85,2016-0112,1,2016-08-27,8,4:40:00,4,AUTOPISTA,1,-58.38268809,-34.62282019,MOTO-OBJETO FIJO,MOTO,OBJETO FIJO,2016
86,2016-0113,1,2016-08-27,8,16:45:00,16,AVENIDA,9,-58.49603546,-34.64564271,PEATON-PASAJEROS,PEATON,PASAJEROS,2016
87,2016-0114,1,2016-08-31,8,11:20:00,11,CALLE,14,-58.41848605,-34.59394733,BICICLETA-CARGAS,BICICLETA,CARGAS,2016
88,2016-0115,1,2016-09-02,9,11:50:00,11,CALLE,12,-58.48935041,-34.54917673,SD-CARGAS,SD,CARGAS,2016
89,2016-0116,1,2016-09-02,9,20:20:00,20,AVENIDA,8,-58.44451316,-34.68475866,MOTO-AUTO,MOTO,AUTO,2016
90,2016-0117,1,2016-09-03,9,15:30:00,15,AVENIDA,14,-58.39936478,-34.58271474,AUTO-AUTO,AUTO,AUTO,2016
91,2016-0118,1,2016-09-04,9,3:30:00,3,AUTOPISTA,1,-58.37936704,-34.62694503,AUTO-AUTO,AUTO,AUTO,2016
92,2016-0119,1,2016-09-04,9,6:40:00,6,AVENIDA,12,-58.49659234,-34.56353635,SD-SD,SD,SD,2016
93,2016-0122,1,2016-09-13,9,7:10:00,7,AVENIDA,9,-58.47256391,-34.65194557,BICICLETA-PASAJEROS,BICICLETA,PASAJEROS,2016
94,2016-0123,1,2016-09-14,9,9:00:00,9,AVENIDA,7,-58.45130953,-34.64053676,MOTO-AUTO,MOTO,AUTO,2016
95,2016-0124,1,2016-09-16,9,15:24:00,15,AVENIDA,7,-58.46271207,-34.62884871,PEATON-PASAJEROS,PEATON,PASAJEROS,2016
96,2016-0125,1,2016-09-17,9,12:14:00,12,AUTOPISTA,10,-58.49020869,-34.64243791,MOTO-MOTO,MOTO,MOTO,2016
97,2016-0126,2,2016-09-18,9,22:45:00,22,CALLE,10,-58.52572109,-34.62125906,AUTO-CARGAS,AUTO,CARGAS,2016
98,2016-0127,1,2016-09-24,9,10:25:00,10,AVENIDA,8,-58.44094791,-34.66677111,PEATON-PASAJEROS,PEATON,PASAJEROS,2016
99,2016-0128,1,2016-10-02,10,11:30:00,11,AVENIDA,5,-58.41914024,-34.63053890,PEATON-PASAJEROS,PEATON,PASAJEROS,2016
100,2016-0130,1,2016-10-04,10,12:30:00,12,AUTOPISTA,1,-58.37910942,-34.62764717,MOTO-CARGAS,MOTO,CARGAS,2016
101,2016-0131,1,2016-10-09,10,19:13:00,19,CALLE,4,-58.39871183,-34.64539318,PEATON-AUTO,PEATON,AUTO,2016
102,2016-0132,1,2016-10-10,10,2:30:00,2,AVENIDA,3,-58.41036975,-34.62477021,AUTO-PASAJEROS,AUTO,PASAJEROS,2016
103,2016-0133,1,2016-10-14,10,0:05:00,0,AVENIDA,14,-58.40204698,-34.58342690,MOTO-AUTO,MOTO,AUTO,2016
104,2016-0134,1,2016-10-23,10,5:00:00,5,AVENIDA,8,-58.48935287,-34.67648597,MOTO-OBJETO FIJO,MOTO,OBJETO FIJO,2016
105,2016-0135,1,2016-10-24,10,5:00:00,5,AVENIDA,14,-58.42260225,-34.56403694,PEATON-SD,PEATON,SD,2016
106,2016-0136,1,2016-10-25,10,0:00:00,0,AUTOPISTA,4,.,.,MOTO-CARGAS,MOTO,CARGAS,2016
107,2016-0137,1,2016-10-25,10,0:39:00,0,AVENIDA,11,-58.51537091,-34.59035925,MOTO-MOTO,MOTO,MOTO,2016
108,2016-0138,1,2016-10-27,10,20:30:00,20,AVENIDA,13,-58.45909670,-34.55922742,BICICLETA-CARGAS,BICICLETA,CARGAS,2016
109,2016-0139,1,2016-10-28,10,23:00:00,23,AVENIDA,14,-58.42008769,-34.56539579,MOTO-MOTO,MOTO,MOTO,2016
110,2016-0140,1,2016-10-31,10,2:58:00,2,AVENIDA,13,-58.45566399,-34.56147293,PASAJEROS-PASAJEROS,PASAJEROS,PASAJEROS,2016
111,2016-0142,1,2016-11-05,11,23:30:00,23,AVENIDA,1,-58.37533517,-34.59276462,MOTO-PASAJEROS,MOTO,PASAJEROS,2016
112,2016-0143,1,2016-11-06,11,4:41:00,4,AVENIDA,8,-58.44451316,-34.68475866,MOTO-SD,MOTO,SD,2016
113,2016-0144,1,2016-11-07,11,12:10:00,12,AVENIDA,4,-58.35975012,-34.63343907,PEATON-PASAJEROS,PEATON,PASAJEROS,2016
114,2016-0145,1,2016-11-07,11,20:56:00,20,AVENIDA,13,-58.44523595,-34.55953855,MOTO-AUTO,MOTO,AUTO,2016
115,2016-0146,1,2016-11-09,11,20:00:00,20,AVENIDA,4,-58.39626094,-34.63036565,PEATON-PASAJEROS,PEATON,PASAJEROS,2016
116,2016-0147,1,2016-11-16,11,21:15:00,21,AVENIDA,1,-58.38896772,-34.61799615,MOVIL-PASAJEROS,MOVIL,PASAJEROS,2016
117,2016-0148,1,2016-11-16,11,22:20:00,22,AVENIDA,15,-58.46536113,-34.59484504,MOTO-MOTO,MOTO,MOTO,2016
118,2016-0150,1,2016-11-18,11,18:20:00,18,AVENIDA,4,-58.40879146,-34.65273216,CARGAS-CARGAS,CARGAS,CARGAS,2016
120,2016-0152,1,2016-11-23,11,21:10:00,21,AVENIDA,7,-58.46451841,-34.64991946,MOTO-AUTO,MOTO,AUTO,2016
121,2016-0153,1,2016-11-25,11,15:42:00,15,AVENIDA,15,-58.42917090,-34.59485488,PEATON-MOTO,PEATON,MOTO,2016
122,2016-0154,1,2016-11-26,11,14:14:00,14,GRAL PAZ,8,-58.49007772,-34.68251141,MOTO-MOTO,MOTO,MOTO,2016
123,2016-0155,1,2016-11-26,11,16:50:00,16,CALLE,10,-58.52756365,-34.62772274,PEATON-AUTO,PEATON,AUTO,2016
124,2016-0156,1,2016-11-26,11,19:40:00,19,AVENIDA,3,-58.40638983,-34.61943202,MOTO-PASAJEROS,MOTO,PASAJEROS,2016
125,2016-0157,1,2016-12-03,12,6:40:00,6,AVENIDA,11,-58.47576807,-34.61740997,MOTO-MOTO,MOTO,MOTO,2016
126,2016-0159,1,2016-12-04,12,7:21:00,7,AVENIDA,8,-58.44451316,-34.68475866,AUTO-SD,AUTO,SD,2016
127,2016-0160,1,2016-12-06,12,5:30:00,5,AUTOPISTA,9,-58.51927194,-34.63635787,CARGAS-OBJETO FIJO,CARGAS,OBJETO FIJO,2016
128,2016-0161,1,2016-12-06,12,7:22:00,7,AVENIDA,14,-58.42525456,-34.57866344,PEATON-PASAJEROS,PEATON,PASAJEROS,2016
129,2016-0162,1,2016-12-07,12,5:00:00,5,AVENIDA,15,-58.45396573,-34.58518167,PEATON-AUTO,PEATON,AUTO,2016
130,2016-0163,1,2016-12-10,12,7:30:00,7,GRAL PAZ,11,-58.52340614,-34.59798754,MOTO-AUTO,MOTO,AUTO,2016
131,2016-0164,1,2016-12-11,12,6:16:00,6,AVENIDA,4,-58.42323628,-34.64119105,AUTO-AUTO,AUTO,AUTO,2016
132,2016-0165,1,2016-12-12,12,8:25:00,8,AVENIDA,4,-58.36926144,-34.62841919,BICICLETA-PASAJEROS,BICICLETA,PASAJEROS,2016
133,2016-0168,1,2016-12-13,12,10:40:00,10,AVENIDA,4,-58.42323628,-34.64119105,MOTO-AUTO,MOTO,AUTO,2016
134,2016-0169,1,2016-12-15,12,15:30:00,15,AVENIDA,12,-58.47935434,-34.55676497,MOTO-PASAJEROS,MOTO,PASAJEROS,2016
135,2016-0170,1,2016-12-19,12,17:10:00,17,GRAL PAZ,12,-58.50598256,-34.56379980,MOTO-AUTO,MOTO,AUTO,2016
136,2016-0171,1,2016-12-25,12,19:00:00,19,AUTOPISTA,1,-58.36607137,-34.62150748,MOTO-MOTO,MOTO,MOTO,2016
137,2016-0172,1,2016-12-26,12,8:00:00,8,AVENIDA,5,-58.41918902,-34.63174259,MOTO-CARGAS,MOTO,CARGAS,2016
138,2016-0173,1,2016-12-26,12,19:52:00,19,AVENIDA,7,-58.46749188,-34.63551751,MOTO-CARGAS,MOTO,CARGAS,2016
140,2016-0175,1,2016-12-27,12,8:15:00,8,CALLE,7,-58.46064174,-34.62960517,PEATON-BICICLETA,PEATON,BICICLETA,2016
141,2016-0176,1,2016-12-28,12,1:41:00,1,AVENIDA,1,-58.36956186,-34.61232875,MOTO-PASAJEROS,MOTO,PASAJEROS,2016
142,2016-0177,1,2016-12-29,12,4:00:00,4,CALLE,14,-58.40966671,-34.58788235,PEATON-AUTO,PEATON,AUTO,2016
143,2016-0178,1,2016-12-30,12,16:18:00,16,CALLE,3,-58.40288226,-34.61544091,MULTIPLE,PEATON,MULTIPLE,2016
144,2017-0001,1,2017-01-02,1,1:00:00,1,AVENIDA,11,-58.46594230,-34.61028571,MOTO-CARGAS,MOTO,CARGAS,2017
145,2017-0003,1,2017-01-05,1,3:10:00,3,AVENIDA,4,-58.38957669,-34.64410277,CARGAS-CARGAS,CARGAS,CARGAS,2017
146,2017-0007,1,2017-01-11,1,17:00:00,17,CALLE,1,-58.38161660,-34.61529543,MULTIPLE,PEATON,MULTIPLE,2017
147,2017-0008,1,2017-01-16,1,0:40:00,0,CALLE,14,-58.43917004,-34.58494351,MOTO-PASAJEROS,MOTO,PASAJEROS,2017
148,2017-0009,1,2017-01-16,1,13:56:00,13,AUTOPISTA,5,-58.41595919,-34.62743346,MOTO-CARGAS,MOTO,CARGAS,2017
149,2017-0010,1,2017-01-16,1,16:30:00,16,AVENIDA,6,-58.43564880,-34.62828656,MOTO-AUTO,MOTO,AUTO,2017
150,2017-0011,1,2017-01-22,1,2:30:00,2,GRAL PAZ,12,-58.50073810,-34.54979510,MOTO-OBJETO FIJO,MOTO,OBJETO FIJO,2017
151,2017-0012,1,2017-01-24,1,14:00:00,14,CALLE,4,-58.40969005,-34.65055290,MOTO-CARGAS,MOTO,CARGAS,2017
152,2017-0013,1,2017-01-27,1,7:00:00,7,AVENIDA,4,-58.38972622,-34.65098981,PEATON-CARGAS,PEATON,CARGAS,2017
153,2017-0014,1,2017-01-28,1,8:27:34,8,AVENIDA,12,-58.49185972,-34.55046754,MULTIPLE,MOTO,MULTIPLE,2017
154,2017-0015,1,2017-02-02,2,15:18:03,15,AVENIDA,2,-58.39293417,-34.59963642,PEATON-AUTO,PEATON,AUTO,2017
155,2017-0016,1,2017-02-03,2,5:12:21,5,AUTOPISTA,1,-58.38099494,-34.62288231,MOTO-CARGAS,MOTO,CARGAS,2017
156,2017-0017,1,2017-02-06,2,8:00:00,8,AVENIDA,14,-58.42901200,-34.58095431,MOTO-AUTO,MOTO,AUTO,2017
157,2017-0018,1,2017-02-09,2,7:00:00,7,GRAL PAZ,9,-58.50877521,-34.66977709,MOTO-AUTO,MOTO,AUTO,2017
158,2017-0021,1,2017-02-18,2,5:30:00,5,CALLE,1,-58.38362373,-34.60509972,MOTO-PASAJEROS,MOTO,PASAJEROS,2017
159,2017-0024,1,2017-02-23,2,20:50:00,20,AVENIDA,7,-58.46589308,-34.62955795,PEATON-PASAJEROS,PEATON,PASAJEROS,2017
160,2017-0025,1,2017-02-24,2,17:05:00,17,AVENIDA,7,-58.43614426,-34.65424640,MOTO-SD,MOTO,SD,2017
161,2017-0026,2,2017-02-26,2,5:15:00,5,AVENIDA,4,-58.41842777,-34.64979057,AUTO-OBJETO FIJO,AUTO,OBJETO FIJO,2017
162,2017-0027,1,2017-02-26,2,21:57:00,21,AVENIDA,1,-58.38332245,-34.63193250,PEATON-AUTO,PEATON,AUTO,2017
163,2017-0028,1,2017-02-28,2,9:20:00,9,AVENIDA,6,-58.45475488,-34.61196327,PEATON-AUTO,PEATON,AUTO,2017
164,2017-0029,1,2017-03-07,3,2:15:00,2,CALLE,9,-58.48501341,-34.64742455,SD-AUTO,SD,AUTO,2017
165,2017-0030,1,2017-03-07,3,8:00:00,8,AVENIDA,9,-58.47010988,-34.65872088,AUTO-PASAJEROS,AUTO,PASAJEROS,2017
166,2017-0031,1,2017-03-11,3,1:30:00,1,CALLE,3,-58.40997560,-34.62873635,AUTO-OBJETO FIJO,AUTO,OBJETO FIJO,2017
167,2017-0032,1,2017-03-12,3,5:00:00,5,GRAL PAZ,8,-58.48892175,-34.68359163,AUTO-AUTO,AUTO,AUTO,2017
168,2017-0033,1,2017-03-12,3,7:30:00,7,GRAL PAZ,11,-58.52466448,-34.60325478,AUTO-AUTO,AUTO,AUTO,2017
169,2017-0034,1,2017-03-13,3,7:50:00,7,CALLE,14,-58.42554218,-34.57929036,PEATON-AUTO,PEATON,AUTO,2017
170,2017-0035,3,2017-03-23,3,5:00:00,5,AVENIDA,1,-58.35881506,-34.61113641,AUTO-OBJETO FIJO,AUTO,OBJETO FIJO,2017
171,2017-0036,2,2017-03-29,3,18:00:00,18,GRAL PAZ,12,-58.51452347,-34.58159762,MOTO-PASAJEROS,MOTO,PASAJEROS,2017
172,2017-0037,1,2017-03-31,3,3:00:00,3,AVENIDA,1,-58.38896772,-34.61799615,MOTO-CARGAS,MOTO,CARGAS,2017
173,2017-0038,1,2017-04-01,4,19:00:00,19,AVENIDA,7,-58.44516857,-34.64363363,MOTO-AUTO,MOTO,AUTO,2017
174,2017-0040,1,2017-04-03,4,9:40:00,9,AVENIDA,13,-58.43834197,-34.54560369,MULTIPLE,AUTO,MULTIPLE,2017
175,2017-0041,1,2017-04-03,4,23:15:00,23,CALLE,7,-58.45485084,-34.63531854,MOTO-AUTO,MOTO,AUTO,2017
176,2017-0042,1,2017-04-10,4,9:00:00,9,GRAL PAZ,14,.,.,MOTO-CARGAS,MOTO,CARGAS,2017
177,2017-0045,1,2017-04-14,4,6:15:00,6,CALLE,10,-58.52449285,-34.62454175,MOTO-OBJETO FIJO,MOTO,OBJETO FIJO,2017
178,2017-0047,1,2017-04-23,4,6:30:00,6,AVENIDA,8,-58.46713742,-34.67198790,MOTO-AUTO,MOTO,AUTO,2017
179,2017-0049,1,2017-04-27,4,18:16:00,18,AVENIDA,8,-58.43850413,-34.65554754,PEATON-PASAJEROS,PEATON,PASAJEROS,2017
180,2017-0050,2,2017-04-28,4,11:08:08,11,AUTOPISTA,9,.,.,MOTO-CARGAS,MOTO,CARGAS,2017
181,2017-0051,1,2017-05-01,5,3:47:47,3,AUTOPISTA,7,.,.,AUTO-AUTO,AUTO,AUTO,2017
182,2017-0052,1,2017-05-05,5,3:40:00,3,GRAL PAZ,8,-58.49413799,-34.68095739,PEATON-CARGAS,PEATON,CARGAS,2017
183,2017-0053,1,2017-05-05,5,20:16:22,20,CALLE,4,-58.37547846,-34.65326075,MOTO-CARGAS,MOTO,CARGAS,2017
184,2017-0054,1,2017-05-07,5,21:00:00,21,AVENIDA,15,-58.48680218,-34.58689719,MOTO-AUTO,MOTO,AUTO,2017
185,2017-0055,1,2017-05-09,5,8:30:00,8,AVENIDA,12,-58.49563989,-34.57962262,AUTO-AUTO,AUTO,AUTO,2017
186,2017-0058,1,2017-05-09,5,23:10:00,23,AVENIDA,1,-58.38403232,-34.59915940,PEATON-MOTO,PEATON,MOTO,2017
187,2017-0059,1,2017-05-11,5,9:24:00,9,CALLE,1,-58.38223382,-34.62693865,PEATON-PASAJEROS,PEATON,PASAJEROS,2017
188,2017-0060,1,2017-05-13,5,7:20:00,7,AVENIDA,8,-58.45966521,-34.67323292,MOTO-OBJETO FIJO,MOTO,OBJETO FIJO,2017
189,2017-0061,1,2017-05-15,5,13:29:30,13,AVENIDA,2,-58.39303911,-34.59871111,PEATON-MOTO,PEATON,MOTO,2017
190,2017-0062,1,2017-05-15,5,16:00:00,16,AVENIDA,10,-58.51262106,-34.63395999,MOTO-CARGAS,MOTO,CARGAS,2017
191,2017-0063,1,2017-05-17,5,10:13:00,10,AVENIDA,1,-58.38118367,-34.61646839,PEATON-PASAJEROS,PEATON,PASAJEROS,2017
192,2017-0064,1,2017-05-20,5,5:00:00,5,CALLE,1,-58.37653284,-34.60582475,CARGAS-AUTO,CARGAS,AUTO,2017
193,2017-0065,1,2017-05-22,5,16:00:00,16,AVENIDA,4,-58.37709334,-34.64035082,BICICLETA-CARGAS,BICICLETA,CARGAS,2017
194,2017-0066,1,2017-05-22,5,18:10:00,18,AVENIDA,15,-58.46002142,-34.60409469,PEATON-PASAJEROS,PEATON,PASAJEROS,2017
195,2017-0067,1,2017-05-23,5,2:45:00,2,AVENIDA,6,-58.43381970,-34.62801894,MOTO-CARGAS,MOTO,CARGAS,2017
196,2017-0068,1,2017-05-27,5,19:50:00,19,AVENIDA,8,-58.43580656,-34.66437532,MOTO-OBJETO FIJO,MOTO,OBJETO FIJO,2017
197,2017-0069,1,2017-05-24,5,14:15:00,14,GRAL PAZ,9,-58.52173071,-34.65997463,MOTO-SD,MOTO,SD,2017
198,2017-0070,1,2017-05-30,5,13:20:00,13,CALLE,11,-58.50791763,-34.59804273,PEATON-AUTO,PEATON,AUTO,2017
199,2017-0072,1,2017-06-03,6,23:20:00,23,AVENIDA,12,-58.49175088,-34.58226957,AUTO-AUTO,AUTO,AUTO,2017
200,2017-0073,1,2017-06-04,6,9:00:00,9,AVENIDA,3,-58.40781467,-34.60425669,MOTO-AUTO,MOTO,AUTO,2017
201,2017-0074,1,2017-06-04,6,12:50:00,12,CALLE,9,-58.52567073,-34.63787791,SD-SD,SD,SD,2017
202,2017-0075,1,2017-06-12,6,22:38:00,22,AVENIDA,1,-58.38154200,-34.60906385,PEATON-MOTO,PEATON,MOTO,2017
203,2017-0076,1,2017-06-13,6,14:50:00,14,AVENIDA,2,-58.38526125,-34.57805810,PEATON-CARGAS,PEATON,CARGAS,2017
204,2017-0077,1,2017-06-17,6,23:45:00,23,CALLE,14,-58.42934104,-34.58451712,MOTO-CARGAS,MOTO,CARGAS,2017
205,2017-0079,1,2017-06-19,6,16:26:00,16,CALLE,3,-58.40657493,-34.61781124,MOTO-CARGAS,MOTO,CARGAS,2017
206,2017-0080,1,2017-06-22,6,10:15:00,10,AVENIDA,9,-58.49525314,-34.64487785,PEATON-CARGAS,PEATON,CARGAS,2017
207,2017-0082,1,2017-06-25,6,22:40:00,22,AVENIDA,4,-58.39092851,-34.62932696,PEATON-AUTO,PEATON,AUTO,2017
208,2017-0083,1,2017-07-04,7,0:25:00,0,AVENIDA,9,-58.49603546,-34.64564271,MOTO-CARGAS,MOTO,CARGAS,2017
209,2017-0084,1,2017-07-05,7,12:49:00,12,AVENIDA,2,-58.38502878,-34.58703485,PEATON-PASAJEROS,PEATON,PASAJEROS,2017
210,2017-0085,1,2017-07-07,7,14:15:00,14,AVENIDA,4,-58.37261143,-34.63150425,PEATON-PASAJEROS,PEATON,PASAJEROS,2017
211,2017-0086,1,2017-07-09,7,7:30:00,7,AVENIDA,9,-58.51876802,-34.63905965,PEATON-MOTO,PEATON,MOTO,2017
212,2017-0087,1,2017-07-10,7,10:45:00,10,CALLE,3,-58.41095567,-34.61516101,PEATON-AUTO,PEATON,AUTO,2017
213,2017-0088,1,2017-07-10,7,22:30:00,22,AVENIDA,1,-58.36797542,-34.62519403,PEATON-PASAJEROS,PEATON,PASAJEROS,2017
214,2017-0089,1,2017-07-13,7,12:05:00,12,CALLE,9,-58.51514709,-34.64787051,SD-AUTO,SD,AUTO,2017
215,2017-0090,1,2017-07-15,7,5:15:00,5,GRAL PAZ,11,-58.51925642,-34.59171721,PEATON-AUTO,PEATON,AUTO,2017
216,2017-0091,1,2017-07-15,7,13:00:00,13,GRAL PAZ,12,-58.48671535,-34.54321216,MOTO-SD,MOTO,SD,2017
217,2017-0092,1,2017-07-24,7,22:16:01,22,AUTOPISTA,1,-58.38268809,-34.62282019,PEATON-AUTO,PEATON,AUTO,2017
218,2017-0093,1,2017-07-25,7,16:48:40,16,AUTOPISTA,13,-58.43633522,-34.54966288,PEATON-AUTO,PEATON,AUTO,2017
219,2017-0094,1,2017-07-27,7,8:50:00,8,CALLE,10,-58.52640838,-34.61765855,BICICLETA-CARGAS,BICICLETA,CARGAS,2017
220,2017-0095,1,2017-08-06,8,8:00:00,8,AVENIDA,14,-58.41894306,-34.59778875,MOTO-AUTO,MOTO,AUTO,2017
221,2017-0096,1,2017-08-07,8,19:50:00,19,AVENIDA,13,-58.46756026,-34.54972741,PEATON-PASAJEROS,PEATON,PASAJEROS,2017
222,2017-0098,1,2017-08-08,8,12:10:00,12,CALLE,7,-58.45715752,-34.63132912,PEATON-AUTO,PEATON,AUTO,2017
223,2017-0099,1,2017-08-17,8,19:45:00,19,AVENIDA,14,-58.42406784,-34.56213916,BICICLETA-AUTO,BICICLETA,AUTO,2017
224,2017-0100,1,2017-08-21,8,7:45:00,7,CALLE,3,-58.39674470,-34.61512051,MOTO-OBJETO FIJO,MOTO,OBJETO FIJO,2017
225,2017-0101,1,2017-08-23,8,10:00:00,10,AVENIDA,13,-58.44537508,-34.57084818,MULTIPLE,PEATON,MULTIPLE,2017
226,2017-0102,1,2017-08-24,8,1:10:00,1,AVENIDA,4,-58.40056767,-34.65107080,PEATON-CARGAS,PEATON,CARGAS,2017
227,2017-0104,1,2017-08-25,8,9:00:00,9,AVENIDA,1,-58.38109568,-34.61853244,PEATON-CARGAS,PEATON,CARGAS,2017
228,2017-0106,1,2017-08-31,8,19:50:00,19,CALLE,14,-58.42533612,-34.58035258,PEATON-PASAJEROS,PEATON,PASAJEROS,2017
229,2017-0107,1,2017-09-01,9,11:30:00,11,AVENIDA,13,-58.46062311,-34.54395182,MOTO-CARGAS,MOTO,CARGAS,2017
230,2017-0108,2,2017-09-02,9,4:53:08,4,GRAL PAZ,12,-58.49491054,-34.54795581,AUTO-OBJETO FIJO,AUTO,OBJETO FIJO,2017
231,2017-0109,1,2017-09-04,9,21:00:00,21,AVENIDA,7,-58.47130269,-34.63665402,MOTO-AUTO,MOTO,AUTO,2017
232,2017-0110,1,2017-09-06,9,14:15:00,14,AVENIDA,1,-58.37048800,-34.60189492,PEATON-PASAJEROS,PEATON,PASAJEROS,2017
233,2017-0111,1,2017-09-07,9,18:23:37,18,CALLE,4,-58.42023854,-34.64234110,PEATON-CARGAS,PEATON,CARGAS,2017
234,2017-0112,2,2017-09-10,9,9:32:17,9,AUTOPISTA,7,-58.45807401,-34.63997430,AUTO-OBJETO FIJO,AUTO,OBJETO FIJO,2017
235,2017-0113,1,2017-09-11,9,6:30:00,6,AVENIDA,1,-58.37697717,-34.59573848,PEATON-PASAJEROS,PEATON,PASAJEROS,2017
236,2017-0114,1,2017-09-15,9,2:30:00,2,AVENIDA,2,-58.39100580,-34.58498660,AUTO-OBJETO FIJO,AUTO,OBJETO FIJO,2017
237,2017-0115,1,2017-09-19,9,18:52:33,18,AVENIDA,5,-58.42182126,-34.63089661,MOTO-BICICLETA,MOTO,BICICLETA,2017
238,2017-0116,1,2017-09-20,9,22:24:00,22,GRAL PAZ,12,-58.51389422,-34.58075791,MOTO-OBJETO FIJO,MOTO,OBJETO FIJO,2017
239,2017-0118,1,2017-09-22,9,7:02:09,7,AVENIDA,4,-58.37585415,-34.65232158,MOTO-AUTO,MOTO,AUTO,2017
240,2017-0120,1,2017-10-02,10,15:55:33,15,AUTOPISTA,9,-58.47297505,-34.66245085,MOTO-CARGAS,MOTO,CARGAS,2017
241,2017-0123,1,2017-10-10,10,1:05:38,1,AVENIDA,8,-58.46855503,-34.67216349,PEATON-AUTO,PEATON,AUTO,2017
242,2017-0124,1,2017-10-12,10,14:40:28,14,CALLE,15,-58.44254033,-34.59185043,MOTO-PASAJEROS,MOTO,PASAJEROS,2017
243,2017-0125,1,2017-10-13,10,6:12:20,6,AVENIDA,8,-58.46622247,-34.67926929,MOTO-OBJETO FIJO,MOTO,OBJETO FIJO,2017
244,2017-0126,2,2017-10-14,10,6:15:00,6,AVENIDA,8,-58.48003734,-34.68148508,AUTO-OBJETO FIJO,AUTO,OBJETO FIJO,2017
245,2017-0127,1,2017-10-16,10,7:45:00,7,AVENIDA,2,-58.41192137,-34.59800248,MOTO-MOTO,MOTO,MOTO,2017
246,2017-0128,1,2017-10-17,10,12:30:00,12,CALLE,6,-58.44034689,-34.61349731,PEATON-PASAJEROS,PEATON,PASAJEROS,2017
247,2017-0129,1,2017-10-26,10,19:15:15,19,AUTOPISTA,9,-58.47155277,-34.64925746,MOTO-PASAJEROS,MOTO,PASAJEROS,2017
248,2017-0130,1,2017-10-27,10,5:30:00,5,AVENIDA,15,-58.47883099,-34.59967065,AUTO-CARGAS,AUTO,CARGAS,2017
249,2017-0132,1,2017-10-30,10,14:00:00,14,AVENIDA,8,-58.46552171,-34.69374130,MOTO-PASAJEROS,MOTO,PASAJEROS,2017
250,2017-0134,1,2017-11-06,11,18:00:00,18,AVENIDA,8,-58.44239720,-34.66777987,PEATON-PASAJEROS,PEATON,PASAJEROS,2017
251,2017-0135,1,2017-11-07,11,12:14:10,12,AVENIDA,15,-58.47032551,-34.59626814,MOTO-CARGAS,MOTO,CARGAS,2017
252,2017-0136,1,2017-11-16,11,8:43:00,8,AVENIDA,4,-58.41827843,-34.65522746,PEATON-PASAJEROS,PEATON,PASAJEROS,2017
253,2017-0137,1,2017-11-17,11,11:45:00,11,AVENIDA,11,-58.51280715,-34.59279388,PEATON-CARGAS,PEATON,CARGAS,2017
254,2017-0138,1,2017-11-19,11,10:30:00,10,AVENIDA,7,-58.46258582,-34.64385704,MOTO-OBJETO FIJO,MOTO,OBJETO FIJO,2017
255,2017-0139,1,2017-11-19,11,22:30:00,22,AVENIDA,8,-58.45064148,-34.68003614,AUTO-OBJETO FIJO,AUTO,OBJETO FIJO,2017
256,2017-0140,1,2017-11-19,11,23:22:17,23,AUTOPISTA,4,.,.,MOTO-PASAJEROS,MOTO,PASAJEROS,2017
257,2017-0141,1,2017-11-23,11,19:45:00,19,AVENIDA,6,-58.42717783,-34.62513374,PEATON-PASAJEROS,PEATON,PASAJEROS,2017
258,2017-0143,1,2017-11-25,11,21:45:00,21,CALLE,11,-58.46442001,-34.60724519,AUTO-PASAJEROS,AUTO,PASAJEROS,2017
259,2017-0144,1,2017-11-26,11,6:45:00,6,GRAL PAZ,8,-58.47064556,-34.69843756,AUTO-OBJETO FIJO,AUTO,OBJETO FIJO,2017
260,2017-0145,1,2017-11-26,11,17:05:00,17,CALLE,5,-58.41677733,-34.61223119,MOTO-AUTO,MOTO,AUTO,2017
261,2017-0147,1,2017-11-28,11,11:15:00,11,GRAL PAZ,9,-58.50251790,-34.67450313,MOTO-AUTO,MOTO,AUTO,2017
262,2017-0148,1,2017-11-29,11,10:45:00,10,AVENIDA,3,-58.40708125,-34.62438894,PEATON-PASAJEROS,PEATON,PASAJEROS,2017
263,2017-0149,1,2017-11-30,11,12:20:00,12,AVENIDA,1,-58.36947198,-34.61477051,PEATON-PASAJEROS,PEATON,PASAJEROS,2017
264,2017-0150,1,2017-12-04,12,1:15:00,1,AVENIDA,9,-58.51140889,-34.63934531,PEATON-AUTO,PEATON,AUTO,2017
265,2017-0151,1,2017-12-04,12,2:15:00,2,CALLE,4,-58.37460912,-34.65559133,PEATON-PASAJEROS,PEATON,PASAJEROS,2017
266,2017-0152,1,2017-12-06,12,17:30:00,17,CALLE,4,-58.41146277,-34.65073916,BICICLETA-PASAJEROS,BICICLETA,PASAJEROS,2017
267,2017-0153,2,2017-12-11,12,2:00:00,2,AVENIDA,6,-58.42855267,-34.61829385,MOTO-PASAJEROS,MOTO,PASAJEROS,2017
268,2017-0154,1,2017-12-11,12,9:15:00,9,AVENIDA,4,-58.39035581,-34.63412287,PEATON-PASAJEROS,PEATON,PASAJEROS,2017
269,2017-0155,1,2017-12-12,12,21:25:41,21,AVENIDA,7,-58.45593915,-34.62656868,SD-MOTO,SD,MOTO,2017
270,2017-0157,1,2017-12-17,12,9:02:00,9,GRAL PAZ,9,-58.52866211,-34.64597065,AUTO-PASAJEROS,AUTO,PASAJEROS,2017
271,2017-0158,1,2017-12-18,12,21:30:00,21,GRAL PAZ,11,-58.52037476,-34.59407024,MOTO-AUTO,MOTO,AUTO,2017
272,2017-0159,1,2017-12-20,12,4:31:27,4,AVENIDA,1,-58.38896772,-34.61799615,MOTO-AUTO,MOTO,AUTO,2017
273,2017-0160,1,2017-12-22,12,13:15:00,13,AVENIDA,7,-58.47074114,-34.62771756,PEATON-MOTO,PEATON,MOTO,2017
274,2017-0161,1,2017-12-26,12,15:30:00,15,AVENIDA,9,-58.48200819,-34.65969965,PEATON-AUTO,PEATON,AUTO,2017
275,2018-0001,1,2018-01-01,1,22:50:00,22,AVENIDA,3,-58.39536773,-34.62297346,PEATON-MOTO,PEATON,MOTO,2018
276,2018-0002,1,2018-01-03,1,16:40:00,16,CALLE,1,-58.37456088,-34.61895467,BICICLETA-PASAJEROS,BICICLETA,PASAJEROS,2018
277,2018-0003,1,2018-01-05,1,10:12:00,10,AVENIDA,15,-58.44860217,-34.60395657,MULTIPLE,PEATON,MULTIPLE,2018
278,2018-0004,1,2018-01-09,1,09:40:00,9,AVENIDA,13,-58.46129513,-34.54332766,MULTIPLE,MOTO,MULTIPLE,2018
279,2018-0005,1,2018-01-09,1,22:30:00,22,AVENIDA,1,-58.36907201,-34.61953517,PEATON-PASAJEROS,PEATON,PASAJEROS,2018
280,2018-0006,1,2018-01-10,1,21:15:00,21,CALLE,6,-58.44062219,-34.62499107,BICICLETA-PASAJEROS,BICICLETA,PASAJEROS,2018
281,2018-0007,1,2018-01-11,1,02:30:00,2,AUTOPISTA,9,-58.52502765,-34.63601265,AUTO-AUTO,AUTO,AUTO,2018
282,2018-0008,1,2018-01-12,1,17:50:00,17,AVENIDA,1,-58.36659655,-34.61687778,MOTO-CARGAS,MOTO,CARGAS,2018
283,2018-0009,1,2018-01-14,1,2:00:00,2,AVENIDA,4,-58.36737389,-34.62763661,MOTO-MOTO,MOTO,MOTO,2018
284,2018-0010,1,2018-01-18,1,5:10:00,5,CALLE,10,-58.49807953,-34.63038658,MOTO-CARGAS,MOTO,CARGAS,2018
285,2018-0011,1,2018-01-19,1,10:30:00,10,AVENIDA,2,-58.39092703,-34.59088447,PEATON-PASAJEROS,PEATON,PASAJEROS,2018
286,2018-0012,1,2018-01-26,1,13:30:00,13,CALLE,8,-58.46912006,-34.68049201,MOTO-PASAJEROS,MOTO,PASAJEROS,2018
287,2018-0013,1,2018-01-28,1,08:15:00,8,AVENIDA,12,-58.48661286,-34.56786129,MOTO-AUTO,MOTO,AUTO,2018
288,2018-0014,1,2018-01-31,1,20:00:00,20,AVENIDA,7,-58.44074927,-34.65080597,PEATON-MOTO,PEATON,MOTO,2018
289,2018-0015,2,2018-02-06,2,01:00:00,1,AVENIDA,4,-58.38636298,-34.64684275,MOTO-PASAJEROS,MOTO,PASAJEROS,2018
290,2018-0016,1,2018-02-15,2,10:15:00,10,AVENIDA,1,-58.37533517,-34.59276462,MOTO-CARGAS,MOTO,CARGAS,2018
291,2018-0017,1,2018-02-17,2,04:15:00,4,AVENIDA,7,-58.46963952,-34.63070603,PEATON-AUTO,PEATON,AUTO,2018
292,2018-0018,1,2018-02-17,2,07:15:00,7,CALLE,4,-58.37207554,-34.64543658,MOTO-CARGAS,MOTO,CARGAS,2018
293,2018-0019,1,2018-02-17,2,12:30:00,12,AVENIDA,2,-58.39189441,-34.59176378,PEATON-PASAJEROS,PEATON,PASAJEROS,2018
294,2018-0020,1,2018-02-19,2,22:00:00,22,AUTOPISTA,8,-58.45012957,-34.66518343,MOTO-CARGAS,MOTO,CARGAS,2018
295,2018-0021,1,2018-02-22,2,10:45:00,10,AVENIDA,4,-58.40184094,-34.64546845,PEATON-PASAJEROS,PEATON,PASAJEROS,2018
296,2018-0022,1,2018-02-24,2,00:00:00,0,AVENIDA,4,-58.37441153,-34.63966783,MOTO-CARGAS,MOTO,CARGAS,2018
297,2018-0023,1,2018-02-24,2,06:00:00,6,CALLE,6,-58.44110156,-34.62082399,MOTO-AUTO,MOTO,AUTO,2018
298,2018-0024,1,2018-02-28,2,23:00:00,23,AVENIDA,15,-58.47087351,-34.57827342,PEATON-CARGAS,PEATON,CARGAS,2018
299,2018-0025,1,2018-03-04,3,22:30:00,22,AVENIDA,7,-58.45962210,-34.62245140,PEATON-AUTO,PEATON,AUTO,2018
300,2018-0026,2,2018-03-09,3,04:45:00,4,AVENIDA,4,-58.41657793,-34.65476216,MOVIL-CARGAS,MOVIL,CARGAS,2018
301,2018-0027,1,2018-03-11,3,23:00:00,23,CALLE,5,-58.41911301,-34.63722107,PEATON-MOTO,PEATON,MOTO,2018
302,2018-0028,1,2018-03-13,3,15:45:00,15,AVENIDA,9,-58.47120586,-34.64251042,PEATON-CARGAS,PEATON,CARGAS,2018
303,2018-0029,1,2018-03-15,3,18:00:00,18,AVENIDA,11,-58.47418944,-34.62049672,MOTO-AUTO,MOTO,AUTO,2018
304,2018-0030,1,2018-03-20,3,01:30:00,1,AVENIDA,15,-58.46720441,-34.57905579,MOTO-MOTO,MOTO,MOTO,2018
305,2018-0031,1,2018-03-28,3,10:15:00,10,AVENIDA,11,-58.46909362,-34.61779710,MOTO-CARGAS,MOTO,CARGAS,2018
306,2018-0032,1,2018-04-02,4,13:00:00,13,AVENIDA,13,-58.44704343,-34.56888640,PEATON-PASAJEROS,PEATON,PASAJEROS,2018
307,2018-0033,1,2018-04-07,4,7:30:00,7,AVENIDA,10,-58.50535541,-34.62902048,MOTO-CARGAS,MOTO,CARGAS,2018
308,2018-0034,1,2018-04-11,4,18:15:00,18,AVENIDA,2,-58.40021675,-34.59522198,PEATON-PASAJEROS,PEATON,PASAJEROS,2018
309,2018-0035,1,2018-04-12,4,16:45:00,16,AVENIDA,7,-58.46325991,-34.62919627,PEATON-PASAJEROS,PEATON,PASAJEROS,2018
310,2018-0036,1,2018-04-13,4,23:15:00,23,AVENIDA,15,-58.49471482,-34.59694755,MOTO-AUTO,MOTO,AUTO,2018
311,2018-0037,1,2018-04-18,4,18:45:00,18,AVENIDA,2,-58.39872610,-34.59975962,PEATON-CARGAS,PEATON,CARGAS,2018
312,2018-0038,2,2018-04-20,4,17:10:00,17,AVENIDA,1,-58.38872177,-34.60885045,PEATON-AUTO,PEATON,AUTO,2018
313,2018-0039,1,2018-04-21,4,22:15:00,22,AUTOPISTA,14,.,.,PEATON-AUTO,PEATON,AUTO,2018
314,2018-0040,1,2018-04-27,4,11:00:00,11,CALLE,13,-58.45686132,-34.57305993,PEATON-CARGAS,PEATON,CARGAS,2018
315,2018-0041,1,2018-04-27,4,13:30:00,13,AVENIDA,4,-58.42281627,-34.64282424,PEATON-PASAJEROS,PEATON,PASAJEROS,2018
316,2018-0042,1,2018-04-27,4,18:43:00,18,CALLE,4,-58.38666024,-34.63953396,MOTO-CARGAS,MOTO,CARGAS,2018
317,2018-0043,1,2018-04-28,4,06:30:00,6,AVENIDA,11,-58.49122843,-34.61207587,MOTO-AUTO,MOTO,AUTO,2018
318,2018-0044,1,2018-04-28,4,09:00:00,9,AVENIDA,3,-58.40098306,-34.61866627,PEATON-AUTO,PEATON,AUTO,2018
319,2018-0045,1,2018-04-30,4,07:00:00,7,AVENIDA,13,-58.45448963,-34.57916920,AUTO-CARGAS,AUTO,CARGAS,2018
320,2018-0046,1,2018-05-02,5,03:15:00,3,GRAL PAZ,9,-58.52927982,-34.63931752,PEATON-AUTO,PEATON,AUTO,2018
321,2018-0047,1,2018-05-08,5,19:00:00,19,AVENIDA,15,-58.44759966,-34.59170240,PEATON-PASAJEROS,PEATON,PASAJEROS,2018
322,2018-0048,1,2018-05-09,5,10:30:00,10,AVENIDA,7,-58.46411215,-34.62925068,PEATON-PASAJEROS,PEATON,PASAJEROS,2018
323,2018-0049,1,2018-05-11,5,19:15:00,19,CALLE,13,-58.46213220,-34.55395823,PEATON-AUTO,PEATON,AUTO,2018
324,2018-0050,1,2018-05-14,5,18:45:00,18,AVENIDA,13,-58.45669422,-34.56203610,PEATON-PASAJEROS,PEATON,PASAJEROS,2018
325,2018-0051,1,2018-05-15,5,21:15:00,21,CALLE,4,-58.35977160,-34.64341878,PEATON-AUTO,PEATON,AUTO,2018
326,2018-0052,1,2018-05-18,5,20:30:00,20,AVENIDA,15,-58.49820145,-34.59070093,PEATON-PASAJEROS,PEATON,PASAJEROS,2018
327,2018-0053,1,2018-05-20,5,02:30:00,2,CALLE,3,-58.41059280,-34.59939180,MOTO-AUTO,MOTO,AUTO,2018
328,2018-0054,1,2018-05-22,5,11:15:00,11,CALLE,12,-58.47969138,-34.57121563,PEATON-BICICLETA,PEATON,BICICLETA,2018
329,2018-0055,1,2018-05-29,5,7:30:00,7,AVENIDA,3,-58.40351561,-34.61883916,MOTO-AUTO,MOTO,AUTO,2018
330,2018-0056,1,2018-06-02,6,13:00:00,13,AVENIDA,9,-58.51973844,-34.63918987,PEATON-PASAJEROS,PEATON,PASAJEROS,2018
331,2018-0057,1,2018-06-03,6,3:30:00,3,CALLE,3,-58.39311376,-34.62163006,MOTO-PASAJEROS,MOTO,PASAJEROS,2018
332,2018-0058,1,2018-06-03,6,6:30:00,6,AVENIDA,15,-58.43531242,-34.59082159,MOTO-AUTO,MOTO,AUTO,2018
333,2018-0059,1,2018-06-08,6,6:20:00,6,AVENIDA,5,-58.41178165,-34.63035454,MOTO-MOVIL,MOTO,OTRO,2018
334,2018-0060,1,2018-06-08,6,12:50:00,12,AVENIDA,1,-58.37048800,-34.60189492,PEATON-PASAJEROS,PEATON,PASAJEROS,2018
335,2018-0061,1,2018-06-10,6,11:15:00,11,CALLE,3,-58.39883882,-34.61964833,MOTO-MOTO,MOTO,MOTO,2018
336,2018-0062,1,2018-06-14,6,1:00:00,1,CALLE,6,-58.44110156,-34.62082399,PEATON-CARGAS,PEATON,CARGAS,2018
337,2018-0063,1,2018-06-16,6,21:15:00,21,AVENIDA,1,-58.37093138,-34.59952725,PEATON-PASAJEROS,PEATON,PASAJEROS,2018
338,2018-0064,1,2018-06-25,6,1:15:00,1,AVENIDA,7,-58.45855262,-34.63953253,AUTO-CARGAS,AUTO,CARGAS,2018
339,2018-0065,1,2018-06-26,6,17:30:00,17,CALLE,1,-58.38161909,-34.59283447,MOTO-CARGAS,MOTO,CARGAS,2018
340,2018-0066,1,2018-06-28,6,11:00:00,11,AVENIDA,15,-58.45511899,-34.58698157,PEATON-PASAJEROS,PEATON,PASAJEROS,2018
341,2018-0067,1,2018-06-29,6,16:15:00,16,AVENIDA,4,-58.37724226,-34.62973033,PASAJEROS-AUTO,PASAJEROS,AUTO,2018
342,2018-0068,1,2018-07-01,7,9:00:00,9,AVENIDA,7,-58.45546217,-34.62930339,MOTO-AUTO,MOTO,AUTO,2018
343,2018-0069,1,2018-07-04,7,21:45:00,21,AVENIDA,2,-58.39897064,-34.59954925,BICICLETA-PASAJEROS,BICICLETA,PASAJEROS,2018
344,2018-0070,1,2018-07-07,7,15:45:00,15,CALLE,3,-58.40917826,-34.62126274,MOTO-PASAJEROS,MOTO,PASAJEROS,2018
345,2018-0071,1,2018-07-10,7,17:50:00,17,AVENIDA,1,-58.36726348,-34.61099738,MOTO-CARGAS,MOTO,CARGAS,2018
346,2018-0072,1,2018-07-11,7,13:15:00,13,AUTOPISTA,8,-58.48267426,-34.68454456,MOTO-CARGAS,MOTO,CARGAS,2018
347,2018-0073,1,2018-07-11,7,15:45:00,15,AVENIDA,4,-58.39546165,-34.65168841,PEATON-CARGAS,PEATON,CARGAS,2018
348,2018-0074,1,2018-07-14,7,6:04:00,6,AVENIDA,7,-58.46941984,-34.63376545,AUTO-CARGAS,AUTO,CARGAS,2018
349,2018-0075,1,2018-07-15,7,7:30:00,7,AVENIDA,14,-58.40367321,-34.58129246,PEATON-AUTO,PEATON,AUTO,2018
350,2018-0076,1,2018-07-16,7,9:30:00,9,CALLE,9,-58.52932872,-34.65014993,AUTO-CARGAS,AUTO,CARGAS,2018
351,2018-0077,1,2018-07-16,7,23:15:00,23,CALLE,3,-58.40917826,-34.62126274,AUTO-CARGAS,AUTO,CARGAS,2018
352,2018-0078,1,2018-07-21,7,6:15:00,6,CALLE,2,-58.41264127,-34.59473294,PEATON-AUTO,PEATON,AUTO,2018
353,2018-0079,1,2018-07-23,7,7:15:00,7,GRAL PAZ,9,-58.50877521,-34.66977709,PEATON-CARGAS,PEATON,CARGAS,2018
354,2018-0080,1,2018-07-25,7,22:22:00,22,AVENIDA,9,-58.51232237,-34.65903530,PEATON-AUTO,PEATON,AUTO,2018
355,2018-0081,1,2018-07-29,7,6:30:00,6,AVENIDA,7,-58.44744156,-34.64567171,MULTIPLE,PEATON,MULTIPLE,2018
356,2018-0082,1,2018-08-01,8,15:53:00,15,AVENIDA,9,-58.49441273,-34.65869968,MOTO-CARGAS,MOTO,CARGAS,2018
357,2018-0083,1,2018-08-02,8,5:20:00,5,GRAL PAZ,8,-58.47976785,-34.69153196,MOTO-CARGAS,MOTO,CARGAS,2018
358,2018-0084,1,2018-08-03,8,7:25:00,7,AVENIDA,1,-58.36523349,-34.62260331,PEATON-CARGAS,PEATON,CARGAS,2018
359,2018-0085,2,2018-08-03,8,18:16:00,18,AVENIDA,3,-58.39118948,-34.62704273,MOTO-PASAJEROS,MOTO,PASAJEROS,2018
360,2018-0086,1,2018-08-10,8,21:44:00,21,AVENIDA,9,-58.49019551,-34.65015854,PEATON-PASAJEROS,PEATON,PASAJEROS,2018
361,2018-0087,1,2018-08-15,8,19:20:00,19,AVENIDA,5,-58.41644362,-34.63023775,PEATON-PASAJEROS,PEATON,PASAJEROS,2018
362,2018-0088,1,2018-08-17,8,16:36:00,16,GRAL PAZ,12,-58.50073810,-34.54979510,MOTO-CARGAS,MOTO,CARGAS,2018
363,2018-0089,1,2018-08-17,8,17:56:00,17,AVENIDA,4,-58.39626094,-34.63036565,PEATON-PASAJEROS,PEATON,PASAJEROS,2018
364,2018-0090,1,2018-08-18,8,10:34:00,10,AVENIDA,8,-58.43284809,-34.67051543,MOTO-AUTO,MOTO,AUTO,2018
365,2018-0091,1,2018-08-19,8,18:47:00,18,AUTOPISTA,9,-58.52280139,-34.63659934,AUTO-AUTO,AUTO,AUTO,2018
366,2018-0092,1,2018-08-20,8,08:20:00,8,AVENIDA,14,-58.42336930,-34.59774487,MOTO-AUTO,MOTO,AUTO,2018
367,2018-0093,1,2018-08-20,8,08:41:00,8,CALLE,1,-58.38691681,-34.63105973,PEATON-PASAJEROS,PEATON,PASAJEROS,2018
368,2018-0094,1,2018-08-23,8,05:35:00,5,CALLE,14,-58.41169020,-34.58579880,MOTO-PASAJEROS,MOTO,PASAJEROS,2018
369,2018-0095,1,2018-08-26,8,00:59:00,0,AVENIDA,9,-58.46739825,-34.65117757,AUTO-AUTO,AUTO,AUTO,2018
370,2018-0096,1,2018-08-31,8,22:20:00,22,AUTOPISTA,8,-58.44483258,-34.67152226,PEATON-AUTO,PEATON,AUTO,2018
371,2018-0097,1,2018-09-02,9,10:50:00,10,AVENIDA,8,-58.43254025,-34.66128115,AUTO-MOVIL,AUTO,OTRO,2018
372,2018-0098,2,2018-09-09,9,05:00:00,5,GRAL PAZ,8,-58.47199387,-34.69640164,AUTO-AUTO,AUTO,AUTO,2018
373,2018-0099,1,2018-09-12,9,14:25:00,14,AVENIDA,7,-58.46411215,-34.62925068,PEATON-PASAJEROS,PEATON,PASAJEROS,2018
374,2018-0100,1,2018-09-20,9,10:30:00,10,AVENIDA,1,-58.36217754,-34.62367156,MOTO-AUTO,MOTO,AUTO,2018
375,2018-0101,1,2018-09-21,9,00:15:00,0,GRAL PAZ,12,-58.48098594,-34.54073130,MULTIPLE,AUTO,MULTIPLE,2018
376,2018-0102,1,2018-09-21,9,00:30:00,0,CALLE,4,-58.41083404,-34.64640709,MOTO-AUTO,MOTO,AUTO,2018
377,2018-0103,1,2018-09-27,9,17:51:00,17,AVENIDA,7,-58.44609828,-34.64446729,PEATON-MOTO,PEATON,MOTO,2018
378,2018-0104,1,2018-10-01,10,8:58:00,8,AUTOPISTA,4,-58.37709334,-34.64035082,MOTO-MOTO,MOTO,MOTO,2018
379,2018-0105,1,2018-10-03,10,18:12:00,18,AVENIDA,7,-58.46963952,-34.63070603,PEATON-PASAJEROS,PEATON,PASAJEROS,2018
380,2018-0106,1,2018-10-04,10,22:02:00,22,AVENIDA,13,-58.43674281,-34.55161027,MOTO-MOTO,MOTO,MOTO,2018
381,2018-0107,1,2018-10-06,10,14:20:00,14,AVENIDA,3,-58.40596860,-34.61011987,PEATON-PASAJEROS,PEATON,PASAJEROS,2018
382,2018-0108,1,2018-10-09,10,14:00:00,14,AVENIDA,1,-58.36154069,-34.60463618,MOTO-AUTO,MOTO,AUTO,2018
383,2018-0109,1,2018-10-10,10,22:12:00,22,AVENIDA,1,-58.37062179,-34.60066507,PEATON-PASAJEROS,PEATON,PASAJEROS,2018
384,2018-0110,1,2018-10-13,10,03:05:00,3,AVENIDA,15,-58.43220014,-34.60207186,PEATON-MOTO,PEATON,MOTO,2018
385,2018-0111,1,2018-10-19,10,12:13:00,12,AUTOPISTA,9,-58.46958442,-34.64949724,MOTO-CARGAS,MOTO,CARGAS,2018
386,2018-0112,1,2018-10-24,10,09:18:00,9,CALLE,15,-58.44671397,-34.59970903,MOTO-CARGAS,MOTO,CARGAS,2018
387,2018-0113,1,2018-10-25,10,11:00:00,11,CALLE,11,-58.47152163,-34.61474911,MOTO-CARGAS,MOTO,CARGAS,2018
388,2018-0114,1,2018-10-30,10,02:15:00,2,AVENIDA,1,-58.39032921,-34.61807951,MOTO-AUTO,MOTO,AUTO,2018
389,2018-0115,1,2018-10-31,10,12:30:00,12,CALLE,9,-58.52887773,-34.64297861,PEATON-PASAJEROS,PEATON,PASAJEROS,2018
390,2018-0116,1,2018-11-01,11,10:50:00,10,GRAL PAZ,8,-58.49371157,-34.67981324,PEATON-CARGAS,PEATON,CARGAS,2018
391,2018-0117,1,2018-11-04,11,8:15:00,8,AVENIDA,9,-58.48266599,-34.66012327,MOTO-MOTO,MOTO,MOTO,2018
392,2018-0118,1,2018-11-05,11,14:49:00,14,AVENIDA,3,-58.40612253,-34.60774301,PEATON-MOTO,PEATON,MOTO,2018
393,2018-0119,1,2018-11-05,11,22:35:00,22,AVENIDA,8,-58.43613623,-34.66292532,PEATON-SD,PEATON,SD,2018
394,2018-0120,1,2018-11-09,11,13:34:00,13,AVENIDA,12,-58.48250732,-34.57208238,PEATON-AUTO,PEATON,AUTO,2018
395,2018-0121,1,2018-11-09,11,16:32:00,16,AVENIDA,10,-58.49945705,-34.63743280,PEATON-PASAJEROS,PEATON,PASAJEROS,2018
396,2018-0122,1,2018-11-12,11,01:00:00,1,AUTOPISTA,8,-58.47743966,-34.67233407,AUTO-AUTO,AUTO,AUTO,2018
397,2018-0123,1,2018-11-12,11,03:32:00,3,GRAL PAZ,9,-58.50251790,-34.67450313,AUTO-SD,AUTO,SD,2018
398,2018-0124,1,2018-11-15,11,19:40:00,19,AUTOPISTA,9,-58.52144411,-34.63682499,CARGAS-CARGAS,CARGAS,CARGAS,2018
399,2018-0125,1,2018-11-16,11,21:12:00,21,AVENIDA,4,-58.41650465,-34.65084045,PEATON-PASAJEROS,PEATON,PASAJEROS,2018
400,2018-0126,1,2018-11-18,11,12:11:00,12,GRAL PAZ,9,-58.52994219,-34.64055918,MOTO-AUTO,MOTO,AUTO,2018
401,2018-0127,1,2018-11-19,11,09:14:00,9,GRAL PAZ,12,-58.50993046,-34.56919739,MOTO-MOTO,MOTO,MOTO,2018
402,2018-0128,2,2018-11-25,11,04:30:00,4,GRAL PAZ,9,-58.52844623,-34.64592873,AUTO-PASAJEROS,AUTO,PASAJEROS,2018
403,2018-0129,1,2018-11-28,11,04:01:00,4,AVENIDA,15,-58.45021367,-34.58695347,MOTO-PASAJEROS,MOTO,PASAJEROS,2018
404,2018-0130,1,2018-12-03,12,03:00:00,3,AVENIDA,10,-58.49022072,-34.62770192,MOTO-PASAJEROS,MOTO,PASAJEROS,2018
405,2018-0131,1,2018-12-07,12,19:10:00,19,AVENIDA,1,-58.36860866,-34.60106568,MOTO-CARGAS,MOTO,CARGAS,2018
406,2018-0132,1,2018-12-12,12,08:26:00,8,AUTOPISTA,2,-58.39490504,-34.57241534,PEATON-CARGAS,PEATON,CARGAS,2018
407,2018-0133,1,2018-12-12,12,14:07:00,14,AVENIDA,7,-58.46963952,-34.63070603,PEATON-CARGAS,PEATON,CARGAS,2018
408,2018-0134,1,2018-12-12,12,21:00:00,21,AVENIDA,7,-58.42349365,-34.64019887,PEATON-MOTO,PEATON,MOTO,2018
409,2018-0135,1,2018-12-18,12,14:40:00,14,AVENIDA,1,-58.37471802,-34.61265002,PEATON-PASAJEROS,PEATON,PASAJEROS,2018
410,2018-0136,1,2018-12-18,12,15:42:00,15,AVENIDA,7,-58.46438789,-34.62913916,PEATON-PASAJEROS,PEATON,PASAJEROS,2018
411,2018-0137,1,2018-12-18,12,20:15:00,20,CALLE,1,-58.38481975,-34.61100424,MOTO-PASAJEROS,MOTO,PASAJEROS,2018
412,2018-0138,1,2018-12-21,12,09:30:00,9,CALLE,10,-58.50751833,-34.62073702,PASAJEROS-PASAJEROS,PASAJEROS,PASAJEROS,2018
413,2018-0139,1,2018-12-22,12,06:30:00,6,CALLE,7,-58.44682986,-34.63888084,MOTO-MOTO,MOTO,MOTO,2018
414,2018-0140,1,2018-12-22,12,8:05:00,8,CALLE,1,-58.36004650,-34.61381341,AUTO-AUTO,AUTO,AUTO,2018
415,2018-0141,1,2018-12-22,12,17:40:00,17,AVENIDA,5,-58.41509546,-34.62085945,PEATON-MOTO,PEATON,MOTO,2018
416,2018-0142,1,2018-12-25,12,13:30:00,13,GRAL PAZ,12,-58.50997604,-34.57251072,CARGAS-PASAJEROS,CARGAS,PASAJEROS,2018
417,2018-0143,1,2018-12-29,12,05:25:00,5,AVENIDA,10,-58.48606475,-34.64047818,MOTO-AUTO,MOTO,AUTO,2018
418,2019-0001,1,2019-01-08,1,8:30:00,8,AVENIDA,2,-58.38526125,-34.57805810,MOTO-CARGAS,MOTO,CARGAS,2019
419,2019-0002,1,2019-01-09,1,4:00:00,4,AVENIDA,7,-58.45463662,-34.65082149,AUTO-CARGAS,AUTO,CARGAS,2019
420,2019-0003,1,2019-01-12,1,8:00:00,8,AVENIDA,15,-58.49121672,-34.59718073,MOTO-AUTO,MOTO,AUTO,2019
421,2019-0004,1,2019-01-14,1,19:58:00,19,AVENIDA,9,-58.47325712,-34.65284605,AUTO-PASAJEROS,AUTO,PASAJEROS,2019
422,2019-0005,1,2019-01-19,1,12:00:00,12,AVENIDA,10,-58.52108101,-34.63382309,MOTO-CARGAS,MOTO,CARGAS,2019
423,2019-0006,1,2019-01-23,1,5:45:00,5,AVENIDA,14,-58.41652702,-34.55509606,PEATON-AUTO,PEATON,AUTO,2019
424,2019-0007,1,2019-01-26,1,19:34:00,19,CALLE,5,-58.42891604,-34.61071660,MOTO-AUTO,MOTO,AUTO,2019
425,2019-0008,1,2019-01-30,1,22:45:00,22,GRAL PAZ,8,-58.47802293,-34.69156793,MULTIPLE,MOTO,MULTIPLE,2019
426,2019-0009,1,2019-01-31,1,14:55:00,14,AVENIDA,1,-58.37564821,-34.62200207,MOTO-AUTO,MOTO,AUTO,2019
427,2019-0010,2,2019-02-02,2,7:50:00,7,AVENIDA,14,-58.42668489,-34.56961468,PEATON-AUTO,PEATON,AUTO,2019
428,2019-0011,1,2019-02-10,2,1:00:00,1,GRAL PAZ,9,-58.51839930,-34.66252488,PEATON-AUTO,PEATON,AUTO,2019
429,2019-0012,1,2019-02-17,2,3:16:00,3,AVENIDA,8,-58.48432691,-34.67665828,MOTO-AUTO,MOTO,AUTO,2019
430,2019-0013,1,2019-02-20,2,7:30:00,7,CALLE,7,-58.43383830,-34.64457699,PEATON-AUTO,PEATON,AUTO,2019
431,2019-0014,1,2019-02-20,2,17:30:00,17,CALLE,11,-58.51664939,-34.58657938,MOTO-OBJETO FIJO,MOTO,OBJETO FIJO,2019
432,2019-0015,1,2019-02-23,2,6:57:00,6,AVENIDA,11,-58.49613012,-34.59703502,AUTO-OBJETO FIJO,AUTO,OBJETO FIJO,2019
433,2019-0016,1,2019-02-24,2,2:00:00,2,CALLE,4,-58.38313603,-34.63356284,MOTO-PASAJEROS,MOTO,PASAJEROS,2019
434,2019-0017,1,2019-03-03,3,7:00:00,7,CALLE,3,-58.39914719,-34.61632317,AUTO-PASAJEROS,AUTO,PASAJEROS,2019
435,2019-0018,1,2019-03-03,3,23:30:00,23,AUTOPISTA,13,-58.44927253,-34.54048625,PEATON-AUTO,PEATON,AUTO,2019
436,2019-0019,1,2019-03-06,3,12:00:00,12,AVENIDA,13,-58.45049163,-34.55374003,MOTO-AUTO,MOTO,AUTO,2019
437,2019-0020,1,2019-03-07,3,21:01:00,21,AVENIDA,5,-58.41288952,-34.63572989,MOTO-AUTO,MOTO,AUTO,2019
438,2019-0021,1,2019-03-15,3,22:50:00,22,AVENIDA,7,-58.45743597,-34.62561234,MOTO-AUTO,MOTO,AUTO,2019
439,2019-0022,1,2019-03-15,3,0:00:00,0,AVENIDA,1,-58.39123782,-34.62352245,AUTO-SD,AUTO,SD,2019
440,2019-0023,1,2019-03-16,3,8:28:00,8,GRAL PAZ,9,-58.52922765,-34.63637963,AUTO-OBJETO FIJO,AUTO,OBJETO FIJO,2019
441,2019-0024,1,2019-03-19,3,7:12:00,7,AVENIDA,1,-58.37208118,-34.58541957,MOTO-CARGAS,MOTO,CARGAS,2019
442,2019-0025,1,2019-03-22,3,13:10:00,13,CALLE,5,-58.41458534,-34.60937557,PEATON-AUTO,PEATON,AUTO,2019
443,2019-0026,1,2019-03-28,3,7:32:00,7,AVENIDA,8,-58.47976785,-34.69153196,PEATON-PASAJEROS,PEATON,PASAJEROS,2019
444,2019-0027,1,2019-03-28,3,11:11:00,11,AVENIDA,2,-58.39990285,-34.59511714,MULTIPLE,BICICLETA,MULTIPLE,2019
445,2019-0028,1,2019-04-06,4,9:15:00,9,AVENIDA,11,-58.46051346,-34.60588536,PEATON-PASAJEROS,PEATON,PASAJEROS,2019
446,2019-0029,1,2019-04-07,4,10:15:00,10,AVENIDA,8,-58.47976785,-34.69153196,MOTO-OBJETO FIJO,MOTO,OBJETO FIJO,2019
447,2019-0030,1,2019-04-09,4,16:00:00,16,CALLE,7,-58.45457546,-34.62447891,MOTO-CARGAS,MOTO,CARGAS,2019
448,2019-0031,1,2019-04-12,4,19:55:00,19,AVENIDA,1,-58.36951669,-34.59832047,BICICLETA-CARGAS,BICICLETA,CARGAS,2019
449,2019-0032,1,2019-04-16,4,11:00:00,11,AVENIDA,11,-58.46415322,-34.60443790,PEATON-AUTO,PEATON,AUTO,2019
450,2019-0033,1,2019-04-18,4,1:00:00,1,AUTOPISTA,1,-58.36607137,-34.62150748,MOTO-SD,MOTO,SD,2019
451,2019-0034,1,2019-04-21,4,9:08:00,9,AVENIDA,7,-58.45537373,-34.65093074,MOTO-OBJETO FIJO,MOTO,OBJETO FIJO,2019
452,2019-0035,1,2019-04-23,4,14:10:00,14,CALLE,1,-58.37942637,-34.60053054,PEATON-BICICLETA,PEATON,BICICLETA,2019
453,2019-0036,1,2019-04-26,4,22:46:00,22,CALLE,6,-58.43680440,-34.62147504,MOTO-AUTO,MOTO,AUTO,2019
454,2019-0037,1,2019-05-01,5,23:10:00,23,AVENIDA,3,-58.40778291,-34.61971907,MOTO-AUTO,MOTO,AUTO,2019
455,2019-0038,1,2019-05-04,5,14:10:00,14,AVENIDA,13,-58.45212523,-34.54628513,PEATON-MOTO,PEATON,MOTO,2019
456,2019-0039,1,2019-05-09,5,3:05:00,3,AVENIDA,7,-58.46749188,-34.63551751,MOTO-AUTO,MOTO,AUTO,2019
457,2019-0040,1,2019-05-09,5,12:45:00,12,CALLE,7,-58.44263580,-34.63679732,MOTO-SD,MOTO,SD,2019
458,2019-0041,1,2019-05-11,5,20:30:00,20,AVENIDA,9,-58.51140289,-34.65846419,MULTIPLE,AUTO,MULTIPLE,2019
459,2019-0042,1,2019-05-14,5,15:00:00,15,CALLE,1,-58.38211431,-34.62465368,PEATON-PASAJEROS,PEATON,PASAJEROS,2019
460,2019-0043,1,2019-05-21,5,9:00:00,9,AVENIDA,1,-58.36951669,-34.59832047,BICICLETA-CARGAS,BICICLETA,CARGAS,2019
461,2019-0044,1,2019-05-27,5,12:45:00,12,AVENIDA,5,-58.41635217,-34.62036547,PEATON-MOTO,PEATON,MOTO,2019
462,2019-0045,1,2019-06-03,6,7:27:00,7,AVENIDA,14,-58.41316147,-34.57579669,MOTO-CARGAS,MOTO,CARGAS,2019
463,2019-0046,1,2019-06-04,6,9:00:00,9,GRAL PAZ,13,-58.47617802,-34.53825652,MOTO-AUTO,MOTO,AUTO,2019
464,2019-0047,1,2019-06-06,6,10:00:00,10,AVENIDA,4,-58.38641783,-34.63330028,PEATON-CARGAS,PEATON,CARGAS,2019
465,2019-0048,1,2019-06-07,6,7:00:00,7,AVENIDA,6,-58.45322169,-34.62038137,MOTO-CARGAS,MOTO,CARGAS,2019
466,2019-0049,1,2019-06-08,6,9:20:00,9,CALLE,13,-58.45849057,-34.56166498,PEATON-CARGAS,PEATON,CARGAS,2019
467,2019-0050,1,2019-06-08,6,23:35:00,23,AVENIDA,14,-58.41829559,-34.59411677,MOTO-CARGAS,MOTO,CARGAS,2019
468,2019-0051,1,2019-06-11,6,10:00:00,10,CALLE,4,-58.36376488,-34.63832093,MOTO-AUTO,MOTO,AUTO,2019
469,2019-0053,1,2019-06-14,6,17:20:00,17,AVENIDA,8,-58.46442668,-34.66004784,AUTO-AUTO,AUTO,AUTO,2019
470,2019-0054,1,2019-06-20,6,3:00:00,3,CALLE,15,-58.48222035,-34.58428769,MOTO-OBJETO FIJO,MOTO,OBJETO FIJO,2019
471,2019-0055,1,2019-06-20,6,19:45:00,19,AVENIDA,1,-58.36819005,-34.60283208,MOTO-PASAJEROS,MOTO,PASAJEROS,2019
472,2019-0056,1,2019-06-29,6,17:16:00,17,AVENIDA,7,-58.45877601,-34.62330939,PEATON-AUTO,PEATON,AUTO,2019
473,2019-0057,1,2019-07-05,7,19:00:00,19,CALLE,13,-58.44196498,-34.55760517,PEATON-AUTO,PEATON,AUTO,2019
474,2019-0058,1,2019-07-10,7,9:20:00,9,AUTOPISTA,10,-58.50622631,-34.63627822,MOTO-PASAJEROS,MOTO,PASAJEROS,2019
475,2019-0059,1,2019-07-13,7,22:35:00,22,CALLE,1,-58.38410880,-34.63099197,MOTO-PASAJEROS,MOTO,PASAJEROS,2019
476,2019-0060,1,2019-07-17,7,11:20:00,11,AVENIDA,10,-58.48100602,-34.63504312,PEATON-AUTO,PEATON,AUTO,2019
477,2019-0061,1,2019-07-17,7,18:40:00,18,CALLE,13,-58.45200171,-34.55781320,PEATON-PASAJEROS,PEATON,PASAJEROS,2019
478,2019-0062,1,2019-08-01,8,23:00:00,23,AVENIDA,13,-58.44462132,-34.56201105,PEATON-PASAJEROS,PEATON,PASAJEROS,2019
479,2019-0063,1,2019-08-04,8,1:30:00,1,AVENIDA,15,-58.45220688,-34.58711712,MOTO-PASAJEROS,MOTO,PASAJEROS,2019
480,2019-0064,1,2019-08-06,8,3:15:00,3,AVENIDA,7,-58.45962210,-34.62245140,MOTO-AUTO,MOTO,AUTO,2019
481,2019-0065,1,2019-08-08,8,16:45:00,16,CALLE,4,-58.41970850,-34.65414867,PEATON-PASAJEROS,PEATON,PASAJEROS,2019
482,2019-0066,1,2019-08-11,8,21:15:00,21,AVENIDA,7,-58.44187596,-34.64938031,PEATON-AUTO,PEATON,AUTO,2019
483,2019-0067,1,2019-08-14,8,15:00:00,15,CALLE,10,-58.49101637,-34.64276621,MOTO-CARGAS,MOTO,CARGAS,2019
484,2019-0068,1,2019-08-14,8,17:40:00,17,AVENIDA,8,-58.42493829,-34.66256502,MOTO-MOTO,MOTO,MOTO,2019
485,2019-0069,1,2019-08-17,8,5:25:00,5,AVENIDA,4,-58.40489318,-34.62930162,MOTO-AUTO,MOTO,AUTO,2019
486,2019-0070,1,2019-08-22,8,12:30:00,12,AVENIDA,14,-58.42686680,-34.59217875,MOTO-BICICLETA,MOTO,BICICLETA,2019
487,2019-0071,1,2019-08-27,8,11:30:00,11,AVENIDA,9,-58.47961100,-34.65620398,PEATON-CARGAS,PEATON,CARGAS,2019
488,2019-0072,1,2019-08-28,8,6:20:00,6,AVENIDA,10,-58.47439934,-34.63524207,AUTO-AUTO,AUTO,AUTO,2019
489,2019-0073,1,2019-08-29,8,1:50:00,1,AVENIDA,15,-58.46711912,-34.57926018,AUTO-OBJETO FIJO,AUTO,OBJETO FIJO,2019
490,2019-0074,1,2019-08-29,8,9:00:00,9,AUTOPISTA,13,-58.46514781,-34.53465378,MOTO-CARGAS,MOTO,CARGAS,2019
491,2019-0075,1,2019-08-30,8,23:20:00,23,CALLE,4,-58.37571078,-34.65584079,MOTO-PASAJEROS,MOTO,PASAJEROS,2019
492,2019-0076,1,2019-09-05,9,18:00:00,18,AUTOPISTA,4,-58.37157668,-34.65429986,MOTO-CARGAS,MOTO,CARGAS,2019
493,2019-0077,1,2019-09-08,9,3:40:00,3,AVENIDA,14,-58.39811256,-34.58070186,PEATON-AUTO,PEATON,AUTO,2019
494,2019-0078,1,2019-09-12,9,8:25:00,8,AVENIDA,4,-58.41125934,-34.65417740,PEATON-CARGAS,PEATON,CARGAS,2019
495,2019-0079,1,2019-09-17,9,5:30:00,5,CALLE,5,-58.41822901,-34.61866836,MOTO-PASAJEROS,MOTO,PASAJEROS,2019
496,2019-0080,1,2019-09-17,9,18:40:00,18,GRAL PAZ,13,-58.47617802,-34.53825652,PEATON-MOTO,PEATON,MOTO,2019
497,2019-0081,1,2019-09-23,9,16:00:00,16,AVENIDA,15,-58.46141281,-34.58623761,PEATON-PASAJEROS,PEATON,PASAJEROS,2019
498,2019-0082,1,2019-09-25,9,7:45:00,7,AVENIDA,8,-58.42985146,-34.66119740,BICICLETA-CARGAS,BICICLETA,CARGAS,2019
499,2019-0083,1,2019-09-26,9,8:00:00,8,CALLE,9,-58.48457413,-34.65839090,AUTO-AUTO,AUTO,AUTO,2019
500,2019-0084,1,2019-09-27,9,11:45:00,11,CALLE,7,-58.46572884,-34.63628186,BICICLETA-CARGAS,BICICLETA,CARGAS,2019
501,2019-0085,1,2019-10-09,10,22:18:00,22,CALLE,10,-58.49261744,-34.63419130,BICICLETA-TREN,BICICLETA,TREN,2019
502,2019-0086,1,2019-10-15,10,14:10:00,14,AVENIDA,15,-58.45283186,-34.58841560,MOTO-PASAJEROS,MOTO,PASAJEROS,2019
503,2019-0087,1,2019-10-21,10,21:00:00,21,AVENIDA,12,-58.47973681,-34.57418656,MOTO-MOTO,MOTO,MOTO,2019
504,2019-0088,1,2019-10-22,10,20:00:00,20,AVENIDA,4,-58.40623949,-34.65076549,PEATON-PASAJEROS,PEATON,PASAJEROS,2019
505,2019-0089,1,2019-10-23,10,15:45:00,15,AVENIDA,4,-58.36244648,-34.63107887,PEATON-CARGAS,PEATON,CARGAS,2019
506,2019-0090,1,2019-10-24,10,18:26:00,18,AVENIDA,9,-58.49962423,-34.64868027,PEATON-MOTO,PEATON,MOTO,2019
507,2019-0091,1,2019-11-01,11,20:50:00,20,AVENIDA,15,-58.44551437,-34.59559816,PEATON-PASAJEROS,PEATON,PASAJEROS,2019
508,2019-0092,1,2019-11-03,11,10:30:00,10,CALLE,4,-58.35608181,-34.63420319,PEATON-PASAJEROS,PEATON,PASAJEROS,2019
509,2019-0093,1,2019-11-13,11,11:50:00,11,AVENIDA,11,-58.46483679,-34.60907662,BICICLETA-OTRO,BICICLETA,OTRO,2019
510,2019-0094,1,2019-11-18,11,14:00:00,14,CALLE,15,-58.44368628,-34.59724326,MOTO-OTRO,MOTO,OTRO,2019
511,2019-0095,1,2019-11-20,11,15:30:00,15,AUTOPISTA,1,-58.37864583,-34.62907067,MOTO-CARGAS,MOTO,CARGAS,2019
512,2019-0096,1,2019-11-22,11,19:33:00,19,AVENIDA,1,-58.37560352,-34.62726382,PEATON-PASAJEROS,PEATON,PASAJEROS,2019
513,2019-0097,1,2019-11-25,11,8:50:00,8,AUTOPISTA,9,-58.47721439,-34.64815069,MULTIPLE,MOTO,MULTIPLE,2019
514,2019-0098,1,2019-11-25,11,14:00:00,14,AVENIDA,15,-58.45134029,-34.58984288,PASAJEROS-PASAJEROS,PASAJEROS,PASAJEROS,2019
515,2019-0100,1,2019-12-05,12,17:30:00,17,AVENIDA,12,-58.49040794,-34.58368803,MOTO-AUTO,MOTO,AUTO,2019
516,2019-0101,1,2019-12-17,12,4:20:00,4,AVENIDA,4,-58.42102679,-34.64991178,MOTO-MOTO,MOTO,MOTO,2019
517,2019-0102,1,2019-12-17,12,14:30:00,14,CALLE,9,-58.52219407,-34.64143926,MOTO-AUTO,MOTO,AUTO,2019
518,2019-0103,1,2019-12-18,12,SD,SD,GRAL PAZ,11,-58.52169422,-34.59471640,MOTO-MOTO,MOTO,MOTO,2019
519,2019-0104,1,2019-12-21,12,4:25:00,4,AVENIDA,10,-58.47460416,-34.63206174,MOTO-AUTO,MOTO,AUTO,2019
520,2019-0105,1,2019-05-05,5,11:00:00,11,AVENIDA,10,-58.50512382,-34.61520391,PEATON-AUTO,PEATON,AUTO,2019
521,2020-0001,1,2020-01-04,1,10:40:00,10,CALLE,15,-58.43910409,-34.59213355,PEATON-AUTO,PEATON,AUTO,2020
522,2020-0002,1,2020-01-05,1,20:00:00,20,AVENIDA,7,-58.45019436,-34.64646409,MOTO-OBJETO FIJO,MOTO,OBJETO FIJO,2020
523,2020-0003,1,2020-01-11,1,6:00:00,6,AVENIDA,3,-58.39337644,-34.60927582,PEATON-AUTO,PEATON,AUTO,2020
524,2020-0004,1,2020-01-14,1,21:40:00,21,AVENIDA,1,-58.39055614,-34.60919284,PEATON-PASAJEROS,PEATON,PASAJEROS,2020
525,2020-0005,1,2020-01-14,1,6:00:00,6,AVENIDA,3,-58.41036975,-34.62477021,MOTO-PASAJEROS,MOTO,PASAJEROS,2020
526,2020-0006,1,2020-01-20,1,12:55:00,12,AVENIDA,8,-58.44925765,-34.65412546,MOTO-CARGAS,MOTO,CARGAS,2020
527,2020-0007,1,2020-01-27,1,0:37:00,0,CALLE,1,-58.38156850,-34.61648696,PEATON-MOTO,PEATON,MOTO,2020
528,2020-0008,1,2020-01-30,1,7:10:00,7,AVENIDA,2,-58.40662899,-34.59804521,MOTO-CARGAS,MOTO,CARGAS,2020
529,2020-0009,1,2020-02-04,2,14:50:00,14,CALLE,5,-58.41985649,-34.60600850,PEATON-AUTO,PEATON,AUTO,2020
530,2020-0010,1,2020-02-08,2,5:45:00,5,AVENIDA,1,-58.38099833,-34.62214953,MOTO-OBJETO FIJO,MOTO,OBJETO FIJO,2020
531,2020-0011,1,2020-02-12,2,11:29:00,11,CALLE,5,-58.41803309,-34.61823178,MOTO-CARGAS,MOTO,CARGAS,2020
532,2020-0012,1,2020-02-18,2,21:00:00,21,CALLE,3,-58.40604003,-34.61783553,PEATON-MOTO,PEATON,MOTO,2020
533,2020-0013,1,2020-02-20,2,12:00:00,12,AVENIDA,15,-58.47549929,-34.57994061,PEATON-MOTO,PEATON,MOTO,2020
534,2020-0014,1,2020-02-27,2,2:14:00,2,CALLE,11,-58.51398484,-34.61600366,MOTO-PASAJEROS,MOTO,PASAJEROS,2020
535,2020-0015,1,2020-02-28,2,14:30:00,14,AVENIDA,1,-58.36797542,-34.62519403,MOTO-PASAJEROS,MOTO,PASAJEROS,2020
536,2020-0016,1,2020-02-29,2,13:00:00,13,AVENIDA,1,-58.37133616,-34.59879316,PEATON-PASAJEROS,PEATON,PASAJEROS,2020
537,2020-0017,1,2020-03-05,3,23:00:00,23,AVENIDA,3,-58.39613805,-34.61413568,PEATON-AUTO,PEATON,AUTO,2020
538,2020-0018,1,2020-03-09,3,14:00:00,14,AVENIDA,13,-58.44903073,-34.54200276,MOTO-OBJETO FIJO,MOTO,OBJETO FIJO,2020
539,2020-0019,1,2020-03-10,3,21:00:00,21,CALLE,5,-58.41972364,-34.62846670,PEATON-AUTO,PEATON,AUTO,2020
540,2020-0020,1,2020-03-13,3,17:30:00,17,AVENIDA,3,-58.40571596,-34.60557123,PEATON-MOTO,PEATON,MOTO,2020
541,2020-0021,1,2020-03-14,3,16:50:00,16,CALLE,2,-58.41451590,-34.59488319,PEATON-AUTO,PEATON,AUTO,2020
542,2020-0022,1,2020-04-07,4,6:15:00,6,AUTOPISTA,9,-58.47297505,-34.66245085,AUTO-CARGAS,AUTO,CARGAS,2020
543,2020-0023,1,2020-04-09,4,18:42:00,18,AVENIDA,4,-58.35791192,-34.63695178,AUTO-CARGAS,AUTO,CARGAS,2020
544,2020-0024,1,2020-04-24,4,7:58:00,7,CALLE,9,-58.50801713,-34.65177305,AUTO-AUTO,AUTO,AUTO,2020
545,2020-0025,1,2020-05-12,5,5:35:00,5,AVENIDA,3,-58.40258477,-34.60975108,PEATON-AUTO,PEATON,AUTO,2020
546,2020-0026,1,2020-05-17,5,6:40:00,6,AUTOPISTA,14,.,.,MOTO-OBJETO FIJO,MOTO,OBJETO FIJO,2020
547,2020-0027,1,2020-05-18,5,8:00:00,8,AVENIDA,8,-58.48267426,-34.68454456,PEATON-CARGAS,PEATON,CARGAS,2020
548,2020-0028,1,2020-05-19,5,10:00:00,10,AVENIDA,15,-58.44248936,-34.60221948,PEATON-PASAJEROS,PEATON,PASAJEROS,2020
549,2020-0029,1,2020-06-10,6,14:00:00,14,GRAL PAZ,9,-58.52909134,-34.63886726,PEATON-PASAJEROS,PEATON,PASAJEROS,2020
550,2020-0030,1,2020-06-16,6,15:00:00,15,AVENIDA,6,-58.45158942,-34.60646580,MULTIPLE,MOTO,MULTIPLE,2020
551,2020-0031,1,2020-06-30,6,8:00:00,8,AVENIDA,9,-58.49344309,-34.65788529,MOTO-CARGAS,MOTO,CARGAS,2020
552,2020-0032,1,2020-07-10,7,23:00:00,23,AVENIDA,15,-58.44259166,-34.59635137,MOTO-AUTO,MOTO,AUTO,2020
553,2020-0033,1,2020-07-19,7,6:25:00,6,GRAL PAZ,13,-58.46743471,-34.53476874,AUTO-OBJETO FIJO,AUTO,OBJETO FIJO,2020
554,2020-0034,1,2020-08-02,8,3:20:00,3,CALLE,3,-58.41178158,-34.60922259,PEATON-AUTO,PEATON,AUTO,2020
555,2020-0035,1,2020-08-04,8,5:30:00,5,AUTOPISTA,7,-58.45068621,-34.63638927,MOTO-PASAJEROS,MOTO,PASAJEROS,2020
556,2020-0036,1,2020-08-07,8,18:40:00,18,AVENIDA,14,-58.42016954,-34.58778790,PEATON-MOTO,PEATON,MOTO,2020
557,2020-0037,1,2020-08-29,8,4:30:00,4,AVENIDA,8,-58.43850413,-34.65554754,PEATON-AUTO,PEATON,AUTO,2020
558,2020-0038,2,2020-08-30,8,4:00:00,4,AVENIDA,14,-58.40617526,-34.58345898,AUTO-AUTO,AUTO,AUTO,2020
559,2020-0039,1,2020-09-01,9,19:17:42,19,CALLE,9,.,.,PEATON-CARGAS,PEATON,CARGAS,2020
560,2020-0040,1,2020-09-12,9,3:30:00,3,AVENIDA,2,-58.38526125,-34.57805810,AUTO-OBJETO FIJO,AUTO,OBJETO FIJO,2020
561,2020-0041,1,2020-09-28,9,1:45:00,1,AVENIDA,7,-58.44750470,-34.63491705,MOTO-PASAJEROS,MOTO,PASAJEROS,2020
562,2020-0042,1,2020-09-29,9,17:10:00,17,AVENIDA,8,-58.46745752,-34.68192648,PEATON-PASAJEROS,PEATON,PASAJEROS,2020
563,2020-0043,1,2020-09-30,9,17:20:00,17,AVENIDA,1,-58.37202621,-34.59717942,PEATON-PASAJEROS,PEATON,PASAJEROS,2020
564,2020-0044,1,2020-10-05,10,0:20:00,0,AVENIDA,6,-58.42779702,-34.62207347,AUTO-AUTO,AUTO,AUTO,2020
565,2020-0045,1,2020-10-19,10,3:00:00,3,GRAL PAZ,8,-58.46244952,-34.70524971,AUTO-CARGAS,AUTO,CARGAS,2020
566,2020-0046,1,2020-10-27,10,21:00:00,21,AVENIDA,11,-58.48440160,-34.60776782,MOTO-MOTO,MOTO,MOTO,2020
567,2020-0047,1,2020-10-27,10,14:00:00,14,AUTOPISTA,9,-58.46668375,-34.65174801,PEATON-CARGAS,PEATON,CARGAS,2020
568,2020-0048,1,2020-10-29,10,20:20:00,20,AVENIDA,15,-58.44958780,-34.59322448,MOTO-OBJETO FIJO,MOTO,OBJETO FIJO,2020
569,2020-0049,1,2020-10-30,10,20:00:00,20,AVENIDA,1,-58.37533517,-34.59276462,PEATON-AUTO,PEATON,AUTO,2020
570,2020-0050,1,2020-11-01,11,22:00:00,22,AVENIDA,14,-58.42525456,-34.57866344,PEATON-MOTO,PEATON,MOTO,2020
571,2020-0051,1,2020-11-05,11,0:40:00,0,AVENIDA,10,-58.48493828,-34.62981124,MOTO-AUTO,MOTO,AUTO,2020
572,2020-0052,1,2020-11-07,11,6:50:00,6,AVENIDA,3,-58.40480504,-34.60183884,BICICLETA-CARGAS,BICICLETA,CARGAS,2020
573,2020-0053,1,2020-11-09,11,3:30:00,3,AVENIDA,4,-58.41125934,-34.65417740,AUTO-AUTO,AUTO,AUTO,2020
574,2020-0054,1,2020-11-19,11,9:00:00,9,CALLE,4,-58.39956546,-34.62977080,BICICLETA-AUTO,BICICLETA,AUTO,2020
575,2020-0055,1,2020-11-19,11,12:30:00,12,AVENIDA,12,-58.49005682,-34.57868970,PEATON-CARGAS,PEATON,CARGAS,2020
576,2020-0056,1,2020-11-21,11,13:00:00,13,GRAL PAZ,8,-58.47064556,-34.69843756,MOTO-CARGAS,MOTO,CARGAS,2020
577,2020-0057,1,2020-11-23,11,7:45:00,7,AVENIDA,11,-58.47501560,-34.61945902,PEATON-AUTO,PEATON,AUTO,2020
578,2020-0058,1,2020-11-24,11,16:00:00,16,AVENIDA,10,-58.48727942,-34.63652467,PEATON-AUTO,PEATON,AUTO,2020
579,2020-0059,1,2020-12-01,12,6:35:00,6,CALLE,1,-58.37951690,-34.62794241,PEATON-PASAJEROS,PEATON,PASAJEROS,2020
580,2020-0060,1,2020-12-03,12,20:30:00,20,AVENIDA,9,-58.47750832,-34.65672199,PEATON-MOTO,PEATON,MOTO,2020
581,2020-0061,1,2020-12-03,12,14:40:00,14,AUTOPISTA,13,-58.44927253,-34.54048625,MOTO-CARGAS,MOTO,CARGAS,2020
582,2020-0062,1,2020-12-04,12,17:19:00,17,CALLE,3,-58.39246272,-34.61253541,BICICLETA-PASAJEROS,BICICLETA,PASAJEROS,2020
583,2020-0063,2,2020-12-05,12,7:10:00,7,CALLE,11,-58.52783814,-34.61047001,PEATON_MOTO-MOTO,PEATON_MOTO,MOTO,2020
584,2020-0065,1,2020-12-05,12,16:00:00,16,GRAL PAZ,12,-58.49332664,-34.54836855,MOTO-AUTO,MOTO,AUTO,2020
585,2020-0066,1,2020-12-07,12,4:30:00,4,AUTOPISTA,10,-58.50178784,-34.63593897,MOTO-OBJETO FIJO,MOTO,OBJETO FIJO,2020
586,2020-0067,1,2020-12-11,12,22:00:00,22,AVENIDA,4,-58.41657793,-34.65476216,PEATON-PASAJEROS,PEATON,PASAJEROS,2020
587,2020-0068,1,2020-12-12,12,20:30:00,20,AVENIDA,2,-58.39731474,-34.58307887,MOTO-AUTO,MOTO,AUTO,2020
588,2020-0069,1,2020-12-15,12,5:20:00,5,AVENIDA,1,-58.38746381,-34.61790839,MOTO-PASAJEROS,MOTO,PASAJEROS,2020
589,2020-0070,1,2020-12-17,12,15:35:00,15,AVENIDA,2,-58.39189441,-34.59176378,PEATON-PASAJEROS,PEATON,PASAJEROS,2020
590,2020-0071,1,2020-12-17,12,23:00:00,23,AVENIDA,7,-58.46749188,-34.63551751,PEATON-AUTO,PEATON,AUTO,2020
591,2020-0072,1,2020-12-19,12,3:30:00,3,AVENIDA,3,-58.40280471,-34.62113271,BICICLETA-AUTO,BICICLETA,AUTO,2020
592,2020-0073,1,2020-12-20,12,7:40:00,7,AVENIDA,8,-58.44451316,-34.68475866,MOTO-OBJETO FIJO,MOTO,OBJETO FIJO,2020
593,2020-0074,1,2020-12-20,12,21:00:00,21,AVENIDA,7,-58.47110424,-34.62742408,AUTO-AUTO,AUTO,AUTO,2020
594,2020-0075,1,2020-12-23,12,14:00:00,14,AVENIDA,1,-58.38220928,-34.60373898,PEATON-PASAJEROS,PEATON,PASAJEROS,2020
595,2020-0076,1,2020-12-24,12,12:30:00,12,AVENIDA,10,-58.49794468,-34.61565025,AUTO-PASAJEROS,AUTO,PASAJEROS,2020
596,2020-0077,2,2020-12-25,12,6:40:00,6,AVENIDA,15,-58.47220945,-34.60111373,MOTO-AUTO,MOTO,AUTO,2020
597,2020-0078,1,2020-12-25,12,5:50:00,5,CALLE,7,-58.43706741,-34.63217813,BICICLETA-PASAJEROS,BICICLETA,PASAJEROS,2020
598,2020-0079,1,2020-12-27,12,4:15:00,4,GRAL PAZ,12,-58.49332664,-34.54836855,MOTO-OBJETO FIJO,MOTO,OBJETO FIJO,2020
599,2021-0001,1,2021-01-06,1,18:00:00,18,AUTOPISTA,1,-58.37960727,-34.62622851,MOTO-AUTO,MOTO,AUTO,2021
600,2021-0002,1,2021-01-07,1,10:20:00,10,AVENIDA,9,-58.51061062,-34.64972472,MOTO-CARGAS,MOTO,CARGAS,2021
601,2021-0003,1,2021-01-10,1,7:40:00,7,AUTOPISTA,7,-58.43052224,-34.62941648,MOTO-OBJETO FIJO,MOTO,OBJETO FIJO,2021
602,2021-0004,1,2021-01-11,1,9:12:18,9,AVENIDA,5,-58.41455544,-34.63866836,PEATON-CARGAS,PEATON,CARGAS,2021
603,2021-0005,1,2021-01-11,1,21:30:00,21,AVENIDA,9,-58.46774439,-34.64730145,PEATON-AUTO,PEATON,AUTO,2021
604,2021-0006,1,2021-01-12,1,21:00:00,21,AUTOPISTA,14,-58.40786274,-34.56726817,MOTO-CARGAS,MOTO,CARGAS,2021
605,2021-0007,1,2021-01-18,1,10:00:00,10,AVENIDA,15,-58.48744301,-34.58622275,MOTO-MOTO,MOTO,MOTO,2021
606,2021-0008,1,2021-01-22,1,23:30:00,23,AVENIDA,4,-58.41657793,-34.65476216,PEATON-PASAJEROS,PEATON,PASAJEROS,2021
607,2021-0009,1,2021-01-23,1,5:30:00,5,AVENIDA,6,-58.45351111,-34.61134937,MOTO-OBJETO FIJO,MOTO,OBJETO FIJO,2021
608,2021-0010,1,2021-01-23,1,8:00:00,8,GRAL PAZ,12,-58.50073810,-34.54979510,MOTO-AUTO,MOTO,AUTO,2021
609,2021-0011,1,2021-01-27,1,1:04:26,1,AVENIDA,2,-58.39144148,-34.59564871,PEATON-AUTO,PEATON,AUTO,2021
610,2021-0012,1,2021-01-29,1,20:07:22,20,AUTOPISTA,8,-58.48191128,-34.68385968,PEATON-AUTO,PEATON,AUTO,2021
611,2021-0013,1,2021-01-31,1,6:10:00,6,AVENIDA,10,-58.48727942,-34.63652467,MOTO-OBJETO FIJO,MOTO,OBJETO FIJO,2021
612,2021-0014,1,2021-02-02,2,0:50:00,0,AVENIDA,15,-58.48328708,-34.59779521,PEATON-AUTO,PEATON,AUTO,2021
613,2021-0015,1,2021-02-06,2,3:05:00,3,AVENIDA,15,-58.49018543,-34.59724990,MOTO-OBJETO FIJO,MOTO,OBJETO FIJO,2021
614,2021-0016,1,2021-02-14,2,5:50:00,5,AVENIDA,8,-58.47230127,-34.68482689,AUTO-OBJETO FIJO,AUTO,OBJETO FIJO,2021
615,2021-0017,1,2021-02-17,2,4:10:00,4,AVENIDA,1,-58.38262614,-34.63168269,MOTO-PASAJEROS,MOTO,PASAJEROS,2021
616,2021-0018,1,2021-02-20,2,19:00:00,19,CALLE,3,-58.41047268,-34.60793518,PEATON-AUTO,PEATON,AUTO,2021
617,2021-0019,1,2021-02-21,2,1:20:00,1,AVENIDA,12,-58.49659234,-34.56353635,MOTO-OBJETO FIJO,MOTO,OBJETO FIJO,2021
618,2021-0020,1,2021-02-21,2,15:00:00,15,CALLE,5,-58.42462955,-34.60727189,PEATON-CARGAS,PEATON,CARGAS,2021
619,2021-0021,1,2021-02-26,2,5:30:00,5,CALLE,3,-58.41168345,-34.61185625,MOTO-OBJETO FIJO,MOTO,OBJETO FIJO,2021
620,2021-0022,1,2021-02-28,2,12:00:00,12,AVENIDA,13,-58.45157681,-34.55217303,PASAJEROS-SD,PASAJEROS,SD,2021
621,2021-0023,1,2021-03-01,3,9:20:00,9,AUTOPISTA,4,.,.,MOTO-CARGAS,MOTO,CARGAS,2021
622,2021-0024,1,2021-03-03,3,16:30:00,16,AVENIDA,9,-58.49573651,-34.67006054,BICICLETA-CARGAS,BICICLETA,CARGAS,2021
623,2021-0025,1,2021-03-11,3,3:45:00,3,GRAL PAZ,8,-58.48695354,-34.68795245,MOTO-OTRO,MOTO,OTRO,2021
624,2021-0026,1,2021-03-15,3,2:35:00,2,AUTOPISTA,4,-58.37562539,-34.64449357,MOTO-OBJETO FIJO,MOTO,OBJETO FIJO,2021
625,2021-0027,1,2021-03-16,3,15:30:00,15,GRAL PAZ,12,-58.49491054,-34.54795581,MOTO-CARGAS,MOTO,CARGAS,2021
626,2021-0028,1,2021-03-29,3,17:20:00,17,AVENIDA,7,-58.44147621,-34.64357704,PEATON-PASAJEROS,PEATON,PASAJEROS,2021
627,2021-0029,1,2021-03-31,3,18:05:00,18,AVENIDA,7,-58.46899119,-34.63215432,AUTO-AUTO,AUTO,AUTO,2021
628,2021-0030,1,2021-04-03,4,18:30:00,18,CALLE,4,-58.38685612,-34.63455776,PEATON-PASAJEROS,PEATON,PASAJEROS,2021
629,2021-0031,1,2021-04-07,4,10:29:00,10,AVENIDA,1,-58.38113667,-34.61765323,PEATON-CARGAS,PEATON,CARGAS,2021
630,2021-0032,1,2021-04-10,4,19:55:00,19,AUTOPISTA,13,-58.44112678,-34.54538956,PEATON-MOTO,PEATON,MOTO,2021
631,2021-0033,1,2021-04-14,4,17:50:00,17,AUTOPISTA,5,-58.41595919,-34.62743346,AUTO-OBJETO FIJO,AUTO,OBJETO FIJO,2021
632,2021-0034,1,2021-04-19,4,14:40:00,14,AVENIDA,4,-58.40184094,-34.64546845,MOTO-CARGAS,MOTO,CARGAS,2021
633,2021-0035,1,2021-05-03,5,9:20:00,9,AVENIDA,8,-58.44642231,-34.65679806,MOTO-CARGAS,MOTO,CARGAS,2021
634,2021-0036,1,2021-05-09,5,6:00:00,6,GRAL PAZ,11,-58.52340614,-34.59798754,MOTO-OBJETO FIJO,MOTO,OBJETO FIJO,2021
635,2021-0037,1,2021-05-11,5,7:10:00,7,AVENIDA,13,-58.46649069,-34.56219075,PEATON-PASAJEROS,PEATON,PASAJEROS,2021
636,2021-0038,1,2021-05-14,5,11:40:00,11,AVENIDA,14,-58.42653328,-34.57816791,MOTO-CARGAS,MOTO,CARGAS,2021
637,2021-0039,1,2021-05-15,5,12:09:00,12,AVENIDA,9,-58.50407099,-34.65303372,BICICLETA-AUTO,BICICLETA,AUTO,2021
638,2021-0040,1,2021-05-20,5,5:50:00,5,GRAL PAZ,13,-58.46743471,-34.53476874,MOTO-AUTO,MOTO,AUTO,2021
639,2021-0041,1,2021-05-20,5,8:30:00,8,AVENIDA,14,-58.40986646,-34.57728060,PEATON-PASAJEROS,PEATON,PASAJEROS,2021
640,2021-0042,1,2021-05-21,5,5:00:00,5,AVENIDA,9,-58.51739138,-34.63931792,PEATON-PASAJEROS,PEATON,PASAJEROS,2021
641,2021-0043,1,2021-05-22,5,18:26:00,18,AVENIDA,9,-58.50719962,-34.65556223,PEATON-AUTO,PEATON,AUTO,2021
642,2021-0044,1,2021-05-25,5,2:00:00,2,AVENIDA,9,-58.46712311,-34.64600222,MOTO-OBJETO FIJO,MOTO,OBJETO FIJO,2021
643,2021-0045,1,2021-05-26,5,17:24:00,17,AUTOPISTA,4,-58.37709334,-34.64035082,MULTIPLE,MOTO,MULTIPLE,2021
644,2021-0046,1,2021-05-31,5,2:00:00,2,AVENIDA,15,-58.46033141,-34.58569883,AUTO-OBJETO FIJO,AUTO,OBJETO FIJO,2021
645,2021-0047,1,2021-06-02,6,16:00:00,16,AVENIDA,4,-58.42190745,-34.65633192,MOTO-AUTO,MOTO,AUTO,2021
646,2021-0048,1,2021-06-03,6,9:58:00,9,AVENIDA,12,-58.49026573,-34.56981410,BICICLETA-AUTO,BICICLETA,AUTO,2021
647,2021-0049,1,2021-06-03,6,20:30:00,20,AVENIDA,8,-58.45410344,-34.66902702,AUTO-AUTO,AUTO,AUTO,2021
648,2021-0050,1,2021-06-10,6,13:30:00,13,AVENIDA,13,-58.44751621,-34.55719892,MOTO-PASAJEROS,MOTO,PASAJEROS,2021
649,2021-0051,1,2021-06-15,6,19:20:00,19,AVENIDA,4,-58.42040352,-34.66005171,PEATON-CARGAS,PEATON,CARGAS,2021
650,2021-0052,1,2021-06-20,6,5:40:00,5,GRAL PAZ,8,-58.49530249,-34.68010798,MOTO-OBJETO FIJO,MOTO,OBJETO FIJO,2021
651,2021-0053,1,2021-06-20,6,12:00:00,12,AVENIDA,15,-58.44399875,-34.59477360,PEATON-BICICLETA,PEATON,BICICLETA,2021
652,2021-0054,1,2021-06-22,6,14:44:00,14,CALLE,4,-58.42759813,-34.65463857,MOTO-CARGAS,MOTO,CARGAS,2021
653,2021-0055,1,2021-06-29,6,12:20:00,12,AVENIDA,3,-58.40547222,-34.60456293,MOTO-CARGAS,MOTO,CARGAS,2021
654,2021-0056,1,2021-07-09,7,23:25:00,23,AVENIDA,4,-58.42473018,-34.65008280,BICICLETA-AUTO,BICICLETA,AUTO,2021
655,2021-0057,1,2021-07-10,7,23:30:00,23,AUTOPISTA,2,-58.39257023,-34.57563957,AUTO-OBJETO FIJO,AUTO,OBJETO FIJO,2021
656,2021-0058,1,2021-07-21,7,0:40:00,0,GRAL PAZ,12,-58.48941042,-34.54596153,PEATON-AUTO,PEATON,AUTO,2021
657,2021-0059,1,2021-07-22,7,1:20:00,1,AVENIDA,3,-58.39640740,-34.62783085,AUTO-OBJETO FIJO,AUTO,OBJETO FIJO,2021
658,2021-0060,1,2021-07-22,7,12:30:00,12,AVENIDA,5,-58.41971993,-34.61112240,PEATON-PASAJEROS,PEATON,PASAJEROS,2021
659,2021-0061,1,2021-07-24,7,9:15:00,9,AVENIDA,4,-58.40544588,-34.65012801,PEATON-CARGAS,PEATON,CARGAS,2021
660,2021-0062,1,2021-07-27,7,7:16:00,7,AVENIDA,4,-58.42003882,-34.64645957,AUTO-CARGAS,AUTO,CARGAS,2021
661,2021-0063,1,2021-08-02,8,4:40:00,4,AVENIDA,7,-58.46851293,-34.63348678,AUTO-AUTO,AUTO,AUTO,2021
662,2021-0064,1,2021-08-02,8,20:00:00,20,GRAL PAZ,9,-58.52931141,-34.65422917,PEATON-CARGAS,PEATON,CARGAS,2021
663,2021-0065,1,2021-08-06,8,8:30:00,8,AVENIDA,6,-58.42675754,-34.62699730,PEATON-PASAJEROS,PEATON,PASAJEROS,2021
664,2021-0066,1,2021-08-06,8,20:00:00,20,AVENIDA,11,-58.52933723,-34.61098186,PEATON-PASAJEROS,PEATON,PASAJEROS,2021
665,2021-0067,1,2021-08-08,8,9:29:00,9,AUTOPISTA,1,-58.37910943,-34.62764718,MOTO-OBJETO FIJO,MOTO,OBJETO FIJO,2021
666,2021-0068,1,2021-08-15,8,6:10:00,6,AVENIDA,11,-58.52161176,-34.61164474,MOTO-OBJETO FIJO,MOTO,OBJETO FIJO,2021
667,2021-0069,1,2021-08-20,8,17:15:00,17,AVENIDA,14,-58.41354692,-34.58697680,PEATON-AUTO,PEATON,AUTO,2021
668,2021-0070,1,2021-08-28,8,8:30:00,8,AVENIDA,8,-58.43960781,-34.65470804,MOTO-CARGAS,MOTO,CARGAS,2021
669,2021-0071,1,2021-08-31,8,16:00:00,16,CALLE,3,-58.40454610,-34.60003693,PEATON-MOTO,PEATON,MOTO,2021
670,2021-0072,1,2021-09-01,9,19:10:00,19,AVENIDA,2,-58.39303911,-34.59871111,PEATON-AUTO,PEATON,AUTO,2021
671,2021-0073,1,2021-09-18,9,12:20:00,12,AVENIDA,2,-58.39391034,-34.58405348,BICICLETA-AUTO,BICICLETA,AUTO,2021
672,2021-0074,1,2021-09-20,9,15:00:00,15,GRAL PAZ,12,-58.50073810,-34.54979510,MULTIPLE,MOTO,MULTIPLE,2021
673,2021-0075,1,2021-09-21,9,14:30:00,14,CALLE,1,-58.38281301,-34.62786038,PEATON-CARGAS,PEATON,CARGAS,2021
674,2021-0076,1,2021-10-16,10,6:15:00,6,AVENIDA,7,-58.43980799,-34.65094083,MOTO-OBJETO FIJO,MOTO,OBJETO FIJO,2021
675,2021-0077,1,2021-10-18,10,7:20:00,7,AVENIDA,6,-58.44402387,-34.62933109,MOTO-CARGAS,MOTO,CARGAS,2021
676,2021-0078,1,2021-10-23,10,6:35:00,6,AVENIDA,6,-58.42779702,-34.62207347,MOTO-PASAJEROS,MOTO,PASAJEROS,2021
677,2021-0079,1,2021-10-25,10,3:30:00,3,CALLE,3,-58.40944147,-34.60097942,PEATON-AUTO,PEATON,AUTO,2021
678,2021-0080,1,2021-10-28,10,16:16:00,16,AVENIDA,1,-58.38277479,-34.59430160,MOTO-AUTO,MOTO,AUTO,2021
679,2021-0081,1,2021-11-02,11,13:35:00,13,AUTOPISTA,4,-58.37627355,-34.63800916,MOTO-CARGAS,MOTO,CARGAS,2021
680,2021-0082,1,2021-11-06,11,4:39:00,4,AUTOPISTA,3,-58.39591856,-34.62453459,MOTO-AUTO,MOTO,AUTO,2021
681,2021-0083,1,2021-11-09,11,0:35:00,0,AVENIDA,13,-58.45829717,-34.56015762,MOTO-AUTO,MOTO,AUTO,2021
682,2021-0084,1,2021-11-11,11,3:00:00,3,AVENIDA,9,-58.49142611,-34.64584795,AUTO-OBJETO FIJO,AUTO,OBJETO FIJO,2021
683,2021-0085,1,2021-11-20,11,18:30:00,18,GRAL PAZ,12,-58.51271409,-34.57786555,MOTO-OBJETO FIJO,MOTO,OBJETO FIJO,2021
684,2021-0086,1,2021-11-25,11,10:10:00,10,AVENIDA,6,-58.44864864,-34.62352826,PEATON-PASAJEROS,PEATON,PASAJEROS,2021
685,2021-0087,1,2021-11-27,11,11:22:00,11,CALLE,1,-58.37795815,-34.59167894,PEATON-BICICLETA,PEATON,BICICLETA,2021
686,2021-0088,1,2021-12-01,12,15:40:00,15,CALLE,13,-58.45531707,-34.55555257,MOTO-AUTO,MOTO,AUTO,2021
687,2021-0089,1,2021-12-02,12,1:10:00,1,AVENIDA,11,-58.47633683,-34.62140594,MOTO-AUTO,MOTO,AUTO,2021
688,2021-0090,1,2021-12-10,12,11:45:00,11,AVENIDA,1,-58.38188582,-34.60256036,PEATON-PASAJEROS,PEATON,PASAJEROS,2021
689,2021-0091,1,2021-12-11,12,23:00:00,23,CALLE,10,-58.51989389,-34.62284918,MOTO-AUTO,MOTO,AUTO,2021
690,2021-0092,1,2021-12-12,12,6:20:00,6,AVENIDA,3,-58.40596860,-34.61011987,PEATON-AUTO,PEATON,AUTO,2021
691,2021-0093,1,2021-12-13,12,17:10:00,17,AVENIDA,7,-58.43353773,-34.64561636,MOTO-AUTO,MOTO,AUTO,2021
692,2021-0094,1,2021-12-20,12,1:10:00,1,AUTOPISTA,9,-58.46739825,-34.65117757,MOTO-AUTO,MOTO,AUTO,2021
693,2021-0095,1,2021-12-30,12,0:43:00,0,AVENIDA,11,-58.47293407,-34.61984745,MOTO-CARGAS,MOTO,CARGAS,2021
694,2021-0096,1,2021-12-15,12,10:30:00,10,AVENIDA,9,-58.47066794,-34.65021673,AUTO-CARGAS,AUTO,CARGAS,2021
695,2021-0097,1,2021-11-18,11,6:10:00,6,CALLE,1,-58.37976155,-34.58679619,BICICLETA-AUTO,BICICLETA,AUTO,2021
